EMPLID,NAME,FIRM,PROJECT_ID,WORK_DATE,TRC,HOURS,BILL_RATE,TOTAL_COST
C50075,Consultant_76,Consulting_Firm_3,PRJ-1104,2026-01-05,OT,9.43,185,2616.825
C50194,Consultant_195,Consulting_Firm_6,PRJ-1001,2026-01-05,REG,7.33,225,1649.25
C50102,Consultant_103,Consulting_Firm_13,PRJ-1073,2026-01-05,OT,10.49,225,3540.375
C50131,Consultant_132,Consulting_Firm_3,PRJ-1078,2026-01-05,REG,6.8,185,1258.0
C50222,Consultant_223,Consulting_Firm_14,PRJ-1032,2026-01-05,REG,7.53,150,1129.5
C50004,Consultant_5,Consulting_Firm_15,PRJ-1029,2026-01-05,REG,6.09,350,2131.5
C50013,Consultant_14,Consulting_Firm_14,PRJ-1103,2026-01-05,OT,11.86,185,3291.1499999999996
C50173,Consultant_174,Consulting_Firm_15,PRJ-1032,2026-01-05,REG,4.16,185,769.6
C50114,Consultant_115,Consulting_Firm_12,PRJ-1021,2026-01-05,REG,6.52,185,1206.1999999999998
C50044,Consultant_45,Consulting_Firm_3,PRJ-1014,2026-01-05,OT,10.72,350,5628.0
C50105,Consultant_106,Consulting_Firm_2,PRJ-1084,2026-01-05,REG,5.45,150,817.5
C50185,Consultant_186,Consulting_Firm_5,PRJ-1007,2026-01-05,REG,4.31,150,646.4999999999999
C50144,Consultant_145,Consulting_Firm_13,PRJ-1087,2026-01-05,REG,6.93,275,1905.75
C50011,Consultant_12,Consulting_Firm_12,PRJ-1001,2026-01-05,REG,4.13,350,1445.5
C50180,Consultant_181,Consulting_Firm_8,PRJ-1103,2026-01-05,REG,4.55,185,841.75
C50101,Consultant_102,Consulting_Firm_12,PRJ-1014,2026-01-05,REG,5.52,450,2484.0
C50045,Consultant_46,Consulting_Firm_1,PRJ-1029,2026-01-05,REG,6.68,150,1002.0
C50133,Consultant_134,Consulting_Firm_7,PRJ-1070,2026-01-05,REG,7.02,275,1930.4999999999998
C50082,Consultant_83,Consulting_Firm_13,PRJ-1086,2026-01-05,OT,9.51,275,3922.875
C50158,Consultant_159,Consulting_Firm_7,PRJ-1006,2026-01-05,OT,10.11,350,5307.75
C50125,Consultant_126,Consulting_Firm_13,PRJ-1070,2026-01-05,REG,7.52,350,2632.0
C50107,Consultant_108,Consulting_Firm_3,PRJ-1024,2026-01-05,REG,4.21,185,778.85
C50238,Consultant_239,Consulting_Firm_6,PRJ-1008,2026-01-05,REG,5.54,150,831.0
C50074,Consultant_75,Consulting_Firm_13,PRJ-1022,2026-01-05,REG,5.37,185,993.45
C50234,Consultant_235,Consulting_Firm_5,PRJ-1073,2026-01-05,REG,7.9,450,3555.0
C50033,Consultant_34,Consulting_Firm_6,PRJ-1025,2026-01-05,OT,11.31,225,3817.125
C50146,Consultant_147,Consulting_Firm_15,PRJ-1025,2026-01-05,REG,4.09,150,613.5
C50039,Consultant_40,Consulting_Firm_5,PRJ-1070,2026-01-05,OT,9.51,275,3922.875
C50079,Consultant_80,Consulting_Firm_5,PRJ-1114,2026-01-05,REG,4.33,350,1515.5
C50038,Consultant_39,Consulting_Firm_12,PRJ-1079,2026-01-05,REG,7.0,350,2450.0
C50000,Consultant_1,Consulting_Firm_7,PRJ-1029,2026-01-05,REG,5.69,225,1280.25
C50228,Consultant_229,Consulting_Firm_14,PRJ-1040,2026-01-05,REG,6.81,150,1021.4999999999999
C50212,Consultant_213,Consulting_Firm_15,PRJ-1111,2026-01-05,REG,4.79,185,886.15
C50212,Consultant_213,Consulting_Firm_15,PRJ-1075,2026-01-05,REG,7.11,185,1315.3500000000001
C50071,Consultant_72,Consulting_Firm_12,PRJ-1023,2026-01-05,REG,5.44,275,1496.0
C50203,Consultant_204,Consulting_Firm_12,PRJ-1062,2026-01-05,REG,7.29,350,2551.5
C50211,Consultant_212,Consulting_Firm_8,PRJ-1049,2026-01-05,REG,4.8,185,888.0
C50080,Consultant_81,Consulting_Firm_2,PRJ-1066,2026-01-05,REG,7.03,185,1300.55
C50123,Consultant_124,Consulting_Firm_2,PRJ-1029,2026-01-05,REG,7.75,275,2131.25
C50158,Consultant_159,Consulting_Firm_7,PRJ-1037,2026-01-05,REG,4.08,350,1428.0
C50216,Consultant_217,Consulting_Firm_6,PRJ-1027,2026-01-05,REG,4.53,185,838.0500000000001
C50029,Consultant_30,Consulting_Firm_7,PRJ-1025,2026-01-05,OT,11.2,150,2520.0
C50027,Consultant_28,Consulting_Firm_6,PRJ-1025,2026-01-05,REG,7.87,185,1455.95
C50202,Consultant_203,Consulting_Firm_12,PRJ-1027,2026-01-05,REG,7.73,275,2125.75
C50028,Consultant_29,Consulting_Firm_12,PRJ-1114,2026-01-05,REG,7.65,225,1721.25
C50209,Consultant_210,Consulting_Firm_2,PRJ-1027,2026-01-05,REG,6.86,350,2401.0
C50108,Consultant_109,Consulting_Firm_9,PRJ-1058,2026-01-05,REG,6.5,350,2275.0
C50096,Consultant_97,Consulting_Firm_1,PRJ-1018,2026-01-05,REG,7.91,225,1779.75
C50215,Consultant_216,Consulting_Firm_1,PRJ-1034,2026-01-05,REG,4.66,225,1048.5
C50187,Consultant_188,Consulting_Firm_10,PRJ-1037,2026-01-05,OT,9.41,350,4940.25
C50051,Consultant_52,Consulting_Firm_7,PRJ-1102,2026-01-05,REG,7.03,350,2460.5
C50077,Consultant_78,Consulting_Firm_5,PRJ-1059,2026-01-05,REG,5.84,450,2628.0
C50172,Consultant_173,Consulting_Firm_1,PRJ-1027,2026-01-05,REG,7.05,275,1938.75
C50161,Consultant_162,Consulting_Firm_4,PRJ-1000,2026-01-05,REG,6.41,185,1185.8500000000001
C50197,Consultant_198,Consulting_Firm_6,PRJ-1036,2026-01-05,OT,11.93,150,2684.25
C50028,Consultant_29,Consulting_Firm_12,PRJ-1059,2026-01-05,REG,4.09,225,920.25
C50118,Consultant_119,Consulting_Firm_3,PRJ-1010,2026-01-05,REG,4.01,275,1102.75
C50023,Consultant_24,Consulting_Firm_7,PRJ-1053,2026-01-05,REG,8.0,350,2800.0
C50100,Consultant_101,Consulting_Firm_13,PRJ-1014,2026-01-05,REG,6.39,185,1182.1499999999999
C50024,Consultant_25,Consulting_Firm_2,PRJ-1066,2026-01-05,REG,5.98,185,1106.3000000000002
C50067,Consultant_68,Consulting_Firm_8,PRJ-1070,2026-01-05,REG,6.12,185,1132.2
C50213,Consultant_214,Consulting_Firm_3,PRJ-1028,2026-01-05,OT,10.89,185,3021.9750000000004
C50126,Consultant_127,Consulting_Firm_7,PRJ-1109,2026-01-05,REG,6.09,275,1674.75
C50191,Consultant_192,Consulting_Firm_11,PRJ-1101,2026-01-05,REG,5.27,275,1449.2499999999998
C50161,Consultant_162,Consulting_Firm_4,PRJ-1043,2026-01-05,OT,11.53,185,3199.575
C50168,Consultant_169,Consulting_Firm_7,PRJ-1008,2026-01-05,OT,9.07,450,6122.25
C50167,Consultant_168,Consulting_Firm_2,PRJ-1035,2026-01-05,REG,7.64,225,1719.0
C50102,Consultant_103,Consulting_Firm_13,PRJ-1073,2026-01-05,REG,7.17,225,1613.25
C50109,Consultant_110,Consulting_Firm_15,PRJ-1065,2026-01-05,REG,5.79,350,2026.5
C50064,Consultant_65,Consulting_Firm_9,PRJ-1014,2026-01-05,REG,6.96,275,1914.0
C50094,Consultant_95,Consulting_Firm_6,PRJ-1112,2026-01-05,REG,6.61,450,2974.5
C50067,Consultant_68,Consulting_Firm_8,PRJ-1024,2026-01-05,OT,9.57,185,2655.675
C50034,Consultant_35,Consulting_Firm_6,PRJ-1110,2026-01-05,REG,4.89,275,1344.75
C50244,Consultant_245,Consulting_Firm_6,PRJ-1025,2026-01-05,OT,11.12,350,5837.999999999999
C50080,Consultant_81,Consulting_Firm_2,PRJ-1084,2026-01-05,REG,5.91,185,1093.3500000000001
C50129,Consultant_130,Consulting_Firm_3,PRJ-1060,2026-01-05,REG,7.21,350,2523.5
C50121,Consultant_122,Consulting_Firm_2,PRJ-1006,2026-01-05,OT,9.81,150,2207.25
C50083,Consultant_84,Consulting_Firm_3,PRJ-1073,2026-01-05,REG,7.94,185,1468.9
C50217,Consultant_218,Consulting_Firm_4,PRJ-1084,2026-01-05,OT,10.1,450,6817.5
C50084,Consultant_85,Consulting_Firm_11,PRJ-1029,2026-01-05,REG,7.19,185,1330.15
C50089,Consultant_90,Consulting_Firm_6,PRJ-1089,2026-01-05,REG,5.68,275,1562.0
C50091,Consultant_92,Consulting_Firm_14,PRJ-1081,2026-01-05,REG,4.35,450,1957.4999999999998
C50240,Consultant_241,Consulting_Firm_15,PRJ-1055,2026-01-05,REG,4.83,150,724.5
C50044,Consultant_45,Consulting_Firm_3,PRJ-1075,2026-01-05,REG,5.63,350,1970.5
C50119,Consultant_120,Consulting_Firm_12,PRJ-1084,2026-01-05,REG,4.83,450,2173.5
C50210,Consultant_211,Consulting_Firm_7,PRJ-1058,2026-01-05,REG,6.59,185,1219.1499999999999
C50098,Consultant_99,Consulting_Firm_13,PRJ-1025,2026-01-05,REG,5.75,225,1293.75
C50193,Consultant_194,Consulting_Firm_14,PRJ-1084,2026-01-05,REG,7.72,185,1428.2
C50175,Consultant_176,Consulting_Firm_15,PRJ-1059,2026-01-05,REG,5.0,350,1750.0
C50125,Consultant_126,Consulting_Firm_13,PRJ-1101,2026-01-05,REG,7.84,350,2744.0
C50228,Consultant_229,Consulting_Firm_14,PRJ-1006,2026-01-05,OT,11.53,150,2594.25
C50050,Consultant_51,Consulting_Firm_14,PRJ-1075,2026-01-05,REG,7.75,185,1433.75
C50146,Consultant_147,Consulting_Firm_15,PRJ-1008,2026-01-05,REG,5.91,150,886.5
C50113,Consultant_114,Consulting_Firm_2,PRJ-1039,2026-01-05,OT,11.82,350,6205.5
C50008,Consultant_9,Consulting_Firm_7,PRJ-1000,2026-01-05,OT,11.74,450,7924.5
C50022,Consultant_23,Consulting_Firm_3,PRJ-1084,2026-01-05,OT,11.12,185,3085.7999999999997
C50089,Consultant_90,Consulting_Firm_6,PRJ-1114,2026-01-05,REG,7.95,275,2186.25
C50008,Consultant_9,Consulting_Firm_7,PRJ-1110,2026-01-05,OT,8.6,450,5805.0
C50145,Consultant_146,Consulting_Firm_10,PRJ-1103,2026-01-05,REG,6.61,225,1487.25
C50200,Consultant_201,Consulting_Firm_1,PRJ-1007,2026-01-05,REG,6.45,350,2257.5
C50228,Consultant_229,Consulting_Firm_14,PRJ-1071,2026-01-05,REG,4.77,150,715.4999999999999
C50187,Consultant_188,Consulting_Firm_10,PRJ-1058,2026-01-05,REG,6.71,350,2348.5
C50171,Consultant_172,Consulting_Firm_15,PRJ-1067,2026-01-05,REG,7.8,275,2145.0
C50028,Consultant_29,Consulting_Firm_12,PRJ-1061,2026-01-05,REG,4.88,225,1098.0
C50056,Consultant_57,Consulting_Firm_14,PRJ-1006,2026-01-05,OT,8.57,350,4499.25
C50238,Consultant_239,Consulting_Firm_6,PRJ-1079,2026-01-05,REG,6.66,150,999.0
C50081,Consultant_82,Consulting_Firm_5,PRJ-1039,2026-01-05,REG,4.82,150,723.0
C50185,Consultant_186,Consulting_Firm_5,PRJ-1071,2026-01-05,OT,9.08,150,2043.0
C50011,Consultant_12,Consulting_Firm_12,PRJ-1064,2026-01-05,OT,9.93,350,5213.25
C50203,Consultant_204,Consulting_Firm_12,PRJ-1070,2026-01-05,REG,5.43,350,1900.5
C50073,Consultant_74,Consulting_Firm_3,PRJ-1039,2026-01-05,REG,4.33,275,1190.75
C50020,Consultant_21,Consulting_Firm_12,PRJ-1112,2026-01-05,REG,4.68,275,1287.0
C50059,Consultant_60,Consulting_Firm_14,PRJ-1113,2026-01-05,REG,5.68,150,852.0
C50049,Consultant_50,Consulting_Firm_9,PRJ-1088,2026-01-05,REG,7.32,350,2562.0
C50170,Consultant_171,Consulting_Firm_9,PRJ-1104,2026-01-05,OT,10.63,275,4384.875
C50139,Consultant_140,Consulting_Firm_11,PRJ-1051,2026-01-05,REG,7.3,225,1642.5
C50216,Consultant_217,Consulting_Firm_6,PRJ-1089,2026-01-05,REG,6.71,185,1241.35
C50130,Consultant_131,Consulting_Firm_1,PRJ-1057,2026-01-05,REG,6.99,225,1572.75
C50248,Consultant_249,Consulting_Firm_6,PRJ-1106,2026-01-05,OT,11.69,350,6137.25
C50125,Consultant_126,Consulting_Firm_13,PRJ-1065,2026-01-05,REG,4.89,350,1711.5
C50153,Consultant_154,Consulting_Firm_2,PRJ-1057,2026-01-05,REG,7.67,275,2109.25
C50103,Consultant_104,Consulting_Firm_8,PRJ-1002,2026-01-05,REG,6.69,275,1839.75
C50164,Consultant_165,Consulting_Firm_2,PRJ-1023,2026-01-05,OT,11.51,185,3194.0249999999996
C50003,Consultant_4,Consulting_Firm_9,PRJ-1060,2026-01-05,REG,6.14,150,921.0
C50046,Consultant_47,Consulting_Firm_3,PRJ-1103,2026-01-05,REG,4.51,275,1240.25
C50132,Consultant_133,Consulting_Firm_2,PRJ-1024,2026-01-05,REG,7.01,150,1051.5
C50065,Consultant_66,Consulting_Firm_8,PRJ-1049,2026-01-05,REG,5.4,350,1890.0000000000002
C50046,Consultant_47,Consulting_Firm_3,PRJ-1071,2026-01-05,REG,4.97,275,1366.75
C50206,Consultant_207,Consulting_Firm_8,PRJ-1064,2026-01-05,REG,4.1,185,758.4999999999999
C50058,Consultant_59,Consulting_Firm_9,PRJ-1076,2026-01-05,OT,11.49,225,3877.875
C50212,Consultant_213,Consulting_Firm_15,PRJ-1079,2026-01-05,REG,5.43,185,1004.55
C50020,Consultant_21,Consulting_Firm_12,PRJ-1079,2026-01-05,REG,4.48,275,1232.0000000000002
C50174,Consultant_175,Consulting_Firm_14,PRJ-1037,2026-01-05,REG,4.57,450,2056.5
C50065,Consultant_66,Consulting_Firm_8,PRJ-1113,2026-01-05,REG,4.53,350,1585.5
C50227,Consultant_228,Consulting_Firm_13,PRJ-1067,2026-01-05,REG,7.4,450,3330.0
C50095,Consultant_96,Consulting_Firm_5,PRJ-1099,2026-01-05,REG,7.35,350,2572.5
C50101,Consultant_102,Consulting_Firm_12,PRJ-1023,2026-01-05,OT,10.32,450,6966.0
C50202,Consultant_203,Consulting_Firm_12,PRJ-1032,2026-01-05,REG,7.99,275,2197.25
C50047,Consultant_48,Consulting_Firm_6,PRJ-1022,2026-01-05,REG,5.74,185,1061.9
C50115,Consultant_116,Consulting_Firm_5,PRJ-1037,2026-01-05,REG,4.08,450,1836.0
C50249,Consultant_250,Consulting_Firm_14,PRJ-1005,2026-01-05,REG,7.43,185,1374.55
C50246,Consultant_247,Consulting_Firm_13,PRJ-1067,2026-01-05,REG,4.85,185,897.2499999999999
C50143,Consultant_144,Consulting_Firm_14,PRJ-1071,2026-01-05,OT,9.55,350,5013.750000000001
C50218,Consultant_219,Consulting_Firm_7,PRJ-1072,2026-01-05,REG,7.12,450,3204.0
C50077,Consultant_78,Consulting_Firm_5,PRJ-1024,2026-01-05,REG,5.63,450,2533.5
C50166,Consultant_167,Consulting_Firm_11,PRJ-1034,2026-01-05,REG,4.69,450,2110.5
C50129,Consultant_130,Consulting_Firm_3,PRJ-1035,2026-01-05,OT,11.42,350,5995.5
C50148,Consultant_149,Consulting_Firm_9,PRJ-1002,2026-01-05,REG,7.07,350,2474.5
C50220,Consultant_221,Consulting_Firm_11,PRJ-1032,2026-01-05,REG,6.26,275,1721.5
C50191,Consultant_192,Consulting_Firm_11,PRJ-1058,2026-01-05,OT,9.64,275,3976.5
C50038,Consultant_39,Consulting_Firm_12,PRJ-1078,2026-01-05,REG,5.54,350,1939.0
C50205,Consultant_206,Consulting_Firm_10,PRJ-1007,2026-01-05,REG,6.77,350,2369.5
C50085,Consultant_86,Consulting_Firm_2,PRJ-1099,2026-01-05,REG,5.59,185,1034.1499999999999
C50005,Consultant_6,Consulting_Firm_1,PRJ-1006,2026-01-05,REG,6.0,350,2100.0
C50079,Consultant_80,Consulting_Firm_5,PRJ-1034,2026-01-05,REG,6.52,350,2282.0
C50195,Consultant_196,Consulting_Firm_13,PRJ-1043,2026-01-05,REG,4.51,225,1014.75
C50231,Consultant_232,Consulting_Firm_2,PRJ-1006,2026-01-05,OT,9.69,275,3997.125
C50054,Consultant_55,Consulting_Firm_5,PRJ-1106,2026-01-05,REG,4.58,450,2061.0
C50187,Consultant_188,Consulting_Firm_10,PRJ-1003,2026-01-05,REG,6.35,350,2222.5
C50228,Consultant_229,Consulting_Firm_14,PRJ-1032,2026-01-05,REG,4.72,150,708.0
C50114,Consultant_115,Consulting_Firm_12,PRJ-1089,2026-01-05,REG,7.47,185,1381.95
C50214,Consultant_215,Consulting_Firm_6,PRJ-1086,2026-01-05,OT,10.63,225,3587.625
C50200,Consultant_201,Consulting_Firm_1,PRJ-1026,2026-01-05,REG,7.08,350,2478.0
C50010,Consultant_11,Consulting_Firm_11,PRJ-1006,2026-01-05,REG,7.05,450,3172.5
C50091,Consultant_92,Consulting_Firm_14,PRJ-1094,2026-01-05,REG,6.41,450,2884.5
C50030,Consultant_31,Consulting_Firm_4,PRJ-1061,2026-01-05,REG,5.53,275,1520.75
C50019,Consultant_20,Consulting_Firm_6,PRJ-1014,2026-01-05,REG,6.01,350,2103.5
C50192,Consultant_193,Consulting_Firm_14,PRJ-1054,2026-01-05,REG,4.75,185,878.75
C50071,Consultant_72,Consulting_Firm_12,PRJ-1026,2026-01-05,REG,4.89,275,1344.75
C50157,Consultant_158,Consulting_Firm_1,PRJ-1031,2026-01-05,OT,8.65,275,3568.125
C50144,Consultant_145,Consulting_Firm_13,PRJ-1094,2026-01-05,OT,8.72,275,3597.0
C50241,Consultant_242,Consulting_Firm_1,PRJ-1111,2026-01-05,OT,11.57,275,4772.625
C50009,Consultant_10,Consulting_Firm_14,PRJ-1111,2026-01-05,REG,6.19,185,1145.15
C50080,Consultant_81,Consulting_Firm_2,PRJ-1029,2026-01-05,REG,6.17,185,1141.45
C50150,Consultant_151,Consulting_Firm_3,PRJ-1051,2026-01-05,REG,4.8,225,1080.0
C50233,Consultant_234,Consulting_Firm_10,PRJ-1061,2026-01-05,REG,5.24,225,1179.0
C50190,Consultant_191,Consulting_Firm_15,PRJ-1078,2026-01-05,OT,9.38,275,3869.25
C50020,Consultant_21,Consulting_Firm_12,PRJ-1043,2026-01-05,REG,7.02,275,1930.4999999999998
C50151,Consultant_152,Consulting_Firm_3,PRJ-1043,2026-01-05,REG,5.02,150,752.9999999999999
C50079,Consultant_80,Consulting_Firm_5,PRJ-1059,2026-01-05,REG,6.34,350,2219.0
C50079,Consultant_80,Consulting_Firm_5,PRJ-1087,2026-01-05,REG,4.53,350,1585.5
C50205,Consultant_206,Consulting_Firm_10,PRJ-1103,2026-01-05,OT,11.51,350,6042.75
C50183,Consultant_184,Consulting_Firm_1,PRJ-1029,2026-01-05,REG,7.33,150,1099.5
C50212,Consultant_213,Consulting_Firm_15,PRJ-1051,2026-01-05,REG,5.09,185,941.65
C50118,Consultant_119,Consulting_Firm_3,PRJ-1053,2026-01-05,OT,11.62,275,4793.25
C50189,Consultant_190,Consulting_Firm_4,PRJ-1081,2026-01-05,OT,8.74,225,2949.75
C50070,Consultant_71,Consulting_Firm_8,PRJ-1006,2026-01-05,OT,10.71,350,5622.750000000001
C50215,Consultant_216,Consulting_Firm_1,PRJ-1040,2026-01-05,REG,6.79,225,1527.75
C50051,Consultant_52,Consulting_Firm_7,PRJ-1011,2026-01-05,REG,4.5,350,1575.0
C50143,Consultant_144,Consulting_Firm_14,PRJ-1070,2026-01-05,REG,6.64,350,2324.0
C50086,Consultant_87,Consulting_Firm_13,PRJ-1043,2026-01-05,REG,8.0,450,3600.0
C50121,Consultant_122,Consulting_Firm_2,PRJ-1064,2026-01-05,REG,7.44,150,1116.0
C50179,Consultant_180,Consulting_Firm_11,PRJ-1038,2026-01-05,REG,6.17,225,1388.25
C50099,Consultant_100,Consulting_Firm_7,PRJ-1022,2026-01-05,REG,7.04,275,1936.0
C50028,Consultant_29,Consulting_Firm_12,PRJ-1112,2026-01-05,REG,6.43,225,1446.75
C50123,Consultant_124,Consulting_Firm_2,PRJ-1111,2026-01-05,REG,7.54,275,2073.5
C50086,Consultant_87,Consulting_Firm_13,PRJ-1008,2026-01-05,REG,5.42,450,2439.0
C50000,Consultant_1,Consulting_Firm_7,PRJ-1103,2026-01-05,REG,7.81,225,1757.25
C50170,Consultant_171,Consulting_Firm_9,PRJ-1071,2026-01-05,REG,7.77,275,2136.75
C50240,Consultant_241,Consulting_Firm_15,PRJ-1064,2026-01-05,REG,6.64,150,996.0
C50014,Consultant_15,Consulting_Firm_6,PRJ-1034,2026-01-05,REG,4.27,225,960.7499999999999
C50151,Consultant_152,Consulting_Firm_3,PRJ-1026,2026-01-05,REG,5.51,150,826.5
C50248,Consultant_249,Consulting_Firm_6,PRJ-1034,2026-01-05,REG,6.46,350,2261.0
C50245,Consultant_246,Consulting_Firm_6,PRJ-1007,2026-01-05,REG,7.97,185,1474.45
C50007,Consultant_8,Consulting_Firm_14,PRJ-1053,2026-01-05,REG,4.17,275,1146.75
C50085,Consultant_86,Consulting_Firm_2,PRJ-1070,2026-01-05,REG,7.44,185,1376.4
C50244,Consultant_245,Consulting_Firm_6,PRJ-1028,2026-01-05,REG,4.99,350,1746.5
C50162,Consultant_163,Consulting_Firm_6,PRJ-1081,2026-01-05,REG,7.74,450,3483.0
C50044,Consultant_45,Consulting_Firm_3,PRJ-1083,2026-01-05,OT,10.64,350,5586.0
C50166,Consultant_167,Consulting_Firm_11,PRJ-1102,2026-01-05,REG,6.86,450,3087.0
C50002,Consultant_3,Consulting_Firm_14,PRJ-1101,2026-01-05,REG,7.36,450,3312.0
C50039,Consultant_40,Consulting_Firm_5,PRJ-1021,2026-01-05,REG,5.23,275,1438.2500000000002
C50129,Consultant_130,Consulting_Firm_3,PRJ-1024,2026-01-05,REG,7.27,350,2544.5
C50186,Consultant_187,Consulting_Firm_13,PRJ-1058,2026-01-05,OT,11.29,275,4657.124999999999
C50062,Consultant_63,Consulting_Firm_10,PRJ-1043,2026-01-05,REG,6.41,450,2884.5
C50148,Consultant_149,Consulting_Firm_9,PRJ-1049,2026-01-05,REG,6.25,350,2187.5
C50207,Consultant_208,Consulting_Firm_14,PRJ-1056,2026-01-05,REG,5.74,275,1578.5
C50204,Consultant_205,Consulting_Firm_3,PRJ-1021,2026-01-05,REG,4.56,275,1254.0
C50197,Consultant_198,Consulting_Firm_6,PRJ-1039,2026-01-05,REG,7.93,150,1189.5
C50122,Consultant_123,Consulting_Firm_15,PRJ-1103,2026-01-05,REG,5.25,185,971.25
C50111,Consultant_112,Consulting_Firm_6,PRJ-1114,2026-01-05,OT,10.96,450,7398.0
C50051,Consultant_52,Consulting_Firm_7,PRJ-1008,2026-01-05,REG,6.97,350,2439.5
C50034,Consultant_35,Consulting_Firm_6,PRJ-1087,2026-01-05,OT,9.96,275,4108.500000000001
C50159,Consultant_160,Consulting_Firm_12,PRJ-1050,2026-01-05,REG,4.85,225,1091.25
C50172,Consultant_173,Consulting_Firm_1,PRJ-1034,2026-01-05,REG,5.43,275,1493.25
C50235,Consultant_236,Consulting_Firm_14,PRJ-1023,2026-01-05,OT,8.51,350,4467.75
C50152,Consultant_153,Consulting_Firm_12,PRJ-1054,2026-01-05,REG,7.3,350,2555.0
C50076,Consultant_77,Consulting_Firm_12,PRJ-1086,2026-01-05,REG,7.85,225,1766.25
C50246,Consultant_247,Consulting_Firm_13,PRJ-1057,2026-01-05,REG,6.68,185,1235.8
C50204,Consultant_205,Consulting_Firm_3,PRJ-1039,2026-01-05,REG,7.96,275,2189.0
C50156,Consultant_157,Consulting_Firm_8,PRJ-1039,2026-01-05,OT,11.87,225,4006.125
C50111,Consultant_112,Consulting_Firm_6,PRJ-1028,2026-01-05,OT,9.8,450,6615.0
C50107,Consultant_108,Consulting_Firm_3,PRJ-1026,2026-01-05,REG,7.65,185,1415.25
C50026,Consultant_27,Consulting_Firm_3,PRJ-1088,2026-01-05,OT,10.49,350,5507.25
C50113,Consultant_114,Consulting_Firm_2,PRJ-1037,2026-01-05,REG,6.71,350,2348.5
C50113,Consultant_114,Consulting_Firm_2,PRJ-1043,2026-01-05,REG,4.91,350,1718.5
C50129,Consultant_130,Consulting_Firm_3,PRJ-1078,2026-01-05,OT,9.66,350,5071.5
C50212,Consultant_213,Consulting_Firm_15,PRJ-1024,2026-01-05,REG,4.51,185,834.3499999999999
C50079,Consultant_80,Consulting_Firm_5,PRJ-1007,2026-01-05,REG,7.44,350,2604.0
C50227,Consultant_228,Consulting_Firm_13,PRJ-1040,2026-01-05,REG,5.68,450,2556.0
C50194,Consultant_195,Consulting_Firm_6,PRJ-1012,2026-01-05,REG,6.54,225,1471.5
C50057,Consultant_58,Consulting_Firm_9,PRJ-1089,2026-01-05,REG,5.11,350,1788.5
C50040,Consultant_41,Consulting_Firm_10,PRJ-1014,2026-01-05,REG,5.6,185,1036.0
C50096,Consultant_97,Consulting_Firm_1,PRJ-1081,2026-01-05,OT,9.55,225,3223.125
C50106,Consultant_107,Consulting_Firm_13,PRJ-1075,2026-01-05,REG,4.19,350,1466.5000000000002
C50101,Consultant_102,Consulting_Firm_12,PRJ-1065,2026-01-05,REG,7.73,450,3478.5
C50161,Consultant_162,Consulting_Firm_4,PRJ-1111,2026-01-05,REG,6.55,185,1211.75
C50232,Consultant_233,Consulting_Firm_11,PRJ-1061,2026-01-05,REG,6.36,350,2226.0
C50188,Consultant_189,Consulting_Firm_9,PRJ-1075,2026-01-05,REG,7.35,450,3307.5
C50159,Consultant_160,Consulting_Firm_12,PRJ-1049,2026-01-05,OT,9.1,225,3071.25
C50024,Consultant_25,Consulting_Firm_2,PRJ-1003,2026-01-05,OT,10.37,185,2877.6749999999997
C50013,Consultant_14,Consulting_Firm_14,PRJ-1059,2026-01-05,REG,5.3,185,980.5
C50121,Consultant_122,Consulting_Firm_2,PRJ-1063,2026-01-05,OT,11.95,150,2688.75
C50161,Consultant_162,Consulting_Firm_4,PRJ-1075,2026-01-05,REG,6.36,185,1176.6000000000001
C50127,Consultant_128,Consulting_Firm_14,PRJ-1034,2026-01-05,REG,5.15,185,952.7500000000001
C50044,Consultant_45,Consulting_Firm_3,PRJ-1106,2026-01-05,REG,5.92,350,2072.0
C50229,Consultant_230,Consulting_Firm_4,PRJ-1032,2026-01-05,REG,7.13,350,2495.5
C50105,Consultant_106,Consulting_Firm_2,PRJ-1074,2026-01-05,OT,11.61,150,2612.25
C50116,Consultant_117,Consulting_Firm_9,PRJ-1022,2026-01-05,REG,7.95,225,1788.75
C50243,Consultant_244,Consulting_Firm_11,PRJ-1058,2026-01-05,REG,5.48,225,1233.0
C50094,Consultant_95,Consulting_Firm_6,PRJ-1094,2026-01-05,OT,10.87,450,7337.25
C50092,Consultant_93,Consulting_Firm_15,PRJ-1084,2026-01-05,REG,4.46,225,1003.5
C50026,Consultant_27,Consulting_Firm_3,PRJ-1070,2026-01-05,REG,4.32,350,1512.0
C50236,Consultant_237,Consulting_Firm_8,PRJ-1002,2026-01-05,REG,4.11,225,924.7500000000001
C50179,Consultant_180,Consulting_Firm_11,PRJ-1066,2026-01-05,OT,8.98,225,3030.75
C50126,Consultant_127,Consulting_Firm_7,PRJ-1104,2026-01-05,REG,4.9,275,1347.5
C50024,Consultant_25,Consulting_Firm_2,PRJ-1050,2026-01-05,REG,5.24,185,969.4000000000001
C50222,Consultant_223,Consulting_Firm_14,PRJ-1021,2026-01-05,REG,4.93,150,739.5
C50246,Consultant_247,Consulting_Firm_13,PRJ-1049,2026-01-05,REG,4.89,185,904.65
C50133,Consultant_134,Consulting_Firm_7,PRJ-1051,2026-01-05,REG,6.3,275,1732.5
C50008,Consultant_9,Consulting_Firm_7,PRJ-1007,2026-01-05,REG,6.64,450,2988.0
C50184,Consultant_185,Consulting_Firm_1,PRJ-1049,2026-01-05,REG,5.35,150,802.5
C50150,Consultant_151,Consulting_Firm_3,PRJ-1034,2026-01-05,REG,7.29,225,1640.25
C50069,Consultant_70,Consulting_Firm_13,PRJ-1067,2026-01-05,REG,6.22,275,1710.5
C50128,Consultant_129,Consulting_Firm_4,PRJ-1064,2026-01-05,REG,5.74,150,861.0
C50080,Consultant_81,Consulting_Firm_2,PRJ-1078,2026-01-05,REG,5.3,185,980.5
C50106,Consultant_107,Consulting_Firm_13,PRJ-1075,2026-01-05,REG,7.96,350,2786.0
C50099,Consultant_100,Consulting_Firm_7,PRJ-1008,2026-01-05,REG,7.76,275,2134.0
C50201,Consultant_202,Consulting_Firm_4,PRJ-1103,2026-01-05,REG,5.61,185,1037.8500000000001
C50191,Consultant_192,Consulting_Firm_11,PRJ-1084,2026-01-05,REG,5.58,275,1534.5
C50107,Consultant_108,Consulting_Firm_3,PRJ-1111,2026-01-05,OT,10.14,185,2813.8500000000004
C50120,Consultant_121,Consulting_Firm_7,PRJ-1022,2026-01-05,REG,4.37,350,1529.5
C50203,Consultant_204,Consulting_Firm_12,PRJ-1023,2026-01-05,REG,7.51,350,2628.5
C50168,Consultant_169,Consulting_Firm_7,PRJ-1078,2026-01-05,OT,10.47,450,7067.25
C50013,Consultant_14,Consulting_Firm_14,PRJ-1065,2026-01-05,REG,7.47,185,1381.95
C50041,Consultant_42,Consulting_Firm_3,PRJ-1081,2026-01-05,REG,6.64,450,2988.0
C50040,Consultant_41,Consulting_Firm_10,PRJ-1018,2026-01-05,REG,5.17,185,956.4499999999999
C50067,Consultant_68,Consulting_Firm_8,PRJ-1083,2026-01-05,REG,5.63,185,1041.55
C50177,Consultant_178,Consulting_Firm_4,PRJ-1061,2026-01-05,REG,5.37,450,2416.5
C50176,Consultant_177,Consulting_Firm_8,PRJ-1070,2026-01-05,REG,5.16,185,954.6
C50164,Consultant_165,Consulting_Firm_2,PRJ-1026,2026-01-05,REG,5.35,185,989.7499999999999
C50195,Consultant_196,Consulting_Firm_13,PRJ-1028,2026-01-05,REG,4.88,225,1098.0
C50237,Consultant_238,Consulting_Firm_4,PRJ-1032,2026-01-05,REG,4.81,225,1082.25
C50135,Consultant_136,Consulting_Firm_10,PRJ-1007,2026-01-05,REG,7.56,225,1701.0
C50051,Consultant_52,Consulting_Firm_7,PRJ-1049,2026-01-05,REG,4.18,350,1463.0
C50092,Consultant_93,Consulting_Firm_15,PRJ-1111,2026-01-05,OT,9.61,225,3243.375
C50022,Consultant_23,Consulting_Firm_3,PRJ-1027,2026-01-05,REG,6.57,185,1215.45
C50045,Consultant_46,Consulting_Firm_1,PRJ-1027,2026-01-05,REG,4.8,150,720.0
C50095,Consultant_96,Consulting_Firm_5,PRJ-1008,2026-01-05,OT,9.16,350,4809.0
C50012,Consultant_13,Consulting_Firm_2,PRJ-1006,2026-01-05,REG,5.85,450,2632.5
C50194,Consultant_195,Consulting_Firm_6,PRJ-1035,2026-01-05,REG,7.49,225,1685.25
C50219,Consultant_220,Consulting_Firm_14,PRJ-1103,2026-01-05,REG,4.26,450,1917.0
C50223,Consultant_224,Consulting_Firm_8,PRJ-1067,2026-01-05,REG,7.33,275,2015.75
C50246,Consultant_247,Consulting_Firm_13,PRJ-1106,2026-01-05,REG,7.64,185,1413.3999999999999
C50094,Consultant_95,Consulting_Firm_6,PRJ-1051,2026-01-05,REG,7.42,450,3339.0
C50051,Consultant_52,Consulting_Firm_7,PRJ-1026,2026-01-05,OT,8.63,350,4530.750000000001
C50204,Consultant_205,Consulting_Firm_3,PRJ-1008,2026-01-05,REG,4.44,275,1221.0
C50214,Consultant_215,Consulting_Firm_6,PRJ-1094,2026-01-05,REG,4.09,225,920.25
C50072,Consultant_73,Consulting_Firm_2,PRJ-1000,2026-01-05,OT,11.71,350,6147.75
C50236,Consultant_237,Consulting_Firm_8,PRJ-1050,2026-01-05,REG,5.65,225,1271.25
C50216,Consultant_217,Consulting_Firm_6,PRJ-1037,2026-01-05,REG,6.08,185,1124.8
C50175,Consultant_176,Consulting_Firm_15,PRJ-1067,2026-01-05,REG,6.02,350,2107.0
C50017,Consultant_18,Consulting_Firm_9,PRJ-1083,2026-01-05,REG,6.44,350,2254.0
C50073,Consultant_74,Consulting_Firm_3,PRJ-1053,2026-01-05,REG,5.86,275,1611.5
C50240,Consultant_241,Consulting_Firm_15,PRJ-1010,2026-01-05,REG,7.06,150,1059.0
C50121,Consultant_122,Consulting_Firm_2,PRJ-1087,2026-01-05,OT,8.99,150,2022.75
C50073,Consultant_74,Consulting_Firm_3,PRJ-1033,2026-01-05,REG,7.23,275,1988.2500000000002
C50103,Consultant_104,Consulting_Firm_8,PRJ-1029,2026-01-05,OT,10.75,275,4434.375
C50057,Consultant_58,Consulting_Firm_9,PRJ-1089,2026-01-05,REG,7.77,350,2719.5
C50129,Consultant_130,Consulting_Firm_3,PRJ-1073,2026-01-05,REG,4.08,350,1428.0
C50202,Consultant_203,Consulting_Firm_12,PRJ-1083,2026-01-05,OT,11.79,275,4863.374999999999
C50217,Consultant_218,Consulting_Firm_4,PRJ-1027,2026-01-05,OT,9.94,450,6709.5
C50249,Consultant_250,Consulting_Firm_14,PRJ-1043,2026-01-05,REG,4.17,185,771.4499999999999
C50228,Consultant_229,Consulting_Firm_14,PRJ-1058,2026-01-05,REG,6.54,150,981.0
C50190,Consultant_191,Consulting_Firm_15,PRJ-1057,2026-01-05,REG,7.44,275,2046.0
C50112,Consultant_113,Consulting_Firm_11,PRJ-1022,2026-01-05,REG,6.37,275,1751.75
C50128,Consultant_129,Consulting_Firm_4,PRJ-1000,2026-01-05,REG,4.21,150,631.5
C50115,Consultant_116,Consulting_Firm_5,PRJ-1071,2026-01-05,OT,10.2,450,6885.0
C50005,Consultant_6,Consulting_Firm_1,PRJ-1034,2026-01-05,REG,7.75,350,2712.5
C50223,Consultant_224,Consulting_Firm_8,PRJ-1014,2026-01-05,REG,6.92,275,1903.0
C50005,Consultant_6,Consulting_Firm_1,PRJ-1058,2026-01-05,REG,7.59,350,2656.5
C50104,Consultant_105,Consulting_Firm_9,PRJ-1038,2026-01-05,REG,5.71,185,1056.35
C50053,Consultant_54,Consulting_Firm_12,PRJ-1112,2026-01-05,OT,10.74,450,7249.5
C50060,Consultant_61,Consulting_Firm_6,PRJ-1089,2026-01-05,OT,10.16,275,4191.0
C50071,Consultant_72,Consulting_Firm_12,PRJ-1035,2026-01-05,REG,5.83,275,1603.25
C50082,Consultant_83,Consulting_Firm_13,PRJ-1083,2026-01-05,REG,7.51,275,2065.25
C50221,Consultant_222,Consulting_Firm_15,PRJ-1106,2026-01-05,OT,9.57,450,6459.75
C50021,Consultant_22,Consulting_Firm_14,PRJ-1112,2026-01-05,REG,4.56,275,1254.0
C50102,Consultant_103,Consulting_Firm_13,PRJ-1114,2026-01-05,OT,8.77,225,2959.875
C50228,Consultant_229,Consulting_Firm_14,PRJ-1062,2026-01-05,REG,6.92,150,1038.0
C50013,Consultant_14,Consulting_Firm_14,PRJ-1058,2026-01-05,REG,6.78,185,1254.3
C50143,Consultant_144,Consulting_Firm_14,PRJ-1006,2026-01-05,OT,9.32,350,4893.0
C50069,Consultant_70,Consulting_Firm_13,PRJ-1057,2026-01-05,REG,4.79,275,1317.25
C50188,Consultant_189,Consulting_Firm_9,PRJ-1024,2026-01-05,REG,5.73,450,2578.5
C50202,Consultant_203,Consulting_Firm_12,PRJ-1053,2026-01-05,REG,6.82,275,1875.5
C50093,Consultant_94,Consulting_Firm_6,PRJ-1051,2026-01-05,OT,11.37,185,3155.1749999999997
C50187,Consultant_188,Consulting_Firm_10,PRJ-1103,2026-01-05,REG,6.89,350,2411.5
C50173,Consultant_174,Consulting_Firm_15,PRJ-1107,2026-01-05,REG,4.13,185,764.05
C50157,Consultant_158,Consulting_Firm_1,PRJ-1053,2026-01-05,REG,5.41,275,1487.75
C50130,Consultant_131,Consulting_Firm_1,PRJ-1027,2026-01-05,REG,7.5,225,1687.5
C50121,Consultant_122,Consulting_Firm_2,PRJ-1098,2026-01-05,OT,11.28,150,2538.0
C50182,Consultant_183,Consulting_Firm_8,PRJ-1113,2026-01-05,REG,7.89,225,1775.25
C50225,Consultant_226,Consulting_Firm_11,PRJ-1112,2026-01-05,REG,4.53,225,1019.25
C50170,Consultant_171,Consulting_Firm_9,PRJ-1061,2026-01-05,REG,4.17,275,1146.75
C50074,Consultant_75,Consulting_Firm_13,PRJ-1061,2026-01-05,REG,6.78,185,1254.3
C50089,Consultant_90,Consulting_Firm_6,PRJ-1024,2026-01-05,REG,6.74,275,1853.5
C50109,Consultant_110,Consulting_Firm_15,PRJ-1114,2026-01-05,REG,5.22,350,1827.0
C50192,Consultant_193,Consulting_Firm_14,PRJ-1073,2026-01-05,REG,5.89,185,1089.6499999999999
C50217,Consultant_218,Consulting_Firm_4,PRJ-1052,2026-01-05,REG,4.54,450,2043.0
C50197,Consultant_198,Consulting_Firm_6,PRJ-1029,2026-01-05,REG,7.85,150,1177.5
C50005,Consultant_6,Consulting_Firm_1,PRJ-1102,2026-01-05,REG,4.8,350,1680.0
C50122,Consultant_123,Consulting_Firm_15,PRJ-1033,2026-01-05,OT,9.41,185,2611.275
C50110,Consultant_111,Consulting_Firm_2,PRJ-1073,2026-01-05,REG,4.52,150,677.9999999999999
C50064,Consultant_65,Consulting_Firm_9,PRJ-1060,2026-01-05,OT,10.25,275,4228.125
C50124,Consultant_125,Consulting_Firm_7,PRJ-1052,2026-01-05,REG,7.05,150,1057.5
C50196,Consultant_197,Consulting_Firm_2,PRJ-1080,2026-01-05,REG,4.77,225,1073.25
C50147,Consultant_148,Consulting_Firm_5,PRJ-1089,2026-01-05,OT,10.95,185,3038.6249999999995
C50138,Consultant_139,Consulting_Firm_10,PRJ-1067,2026-01-05,REG,7.67,275,2109.25
C50165,Consultant_166,Consulting_Firm_1,PRJ-1076,2026-01-05,REG,5.23,275,1438.2500000000002
C50001,Consultant_2,Consulting_Firm_1,PRJ-1026,2026-01-05,REG,6.4,185,1184.0
C50050,Consultant_51,Consulting_Firm_14,PRJ-1027,2026-01-05,REG,6.02,185,1113.6999999999998
C50118,Consultant_119,Consulting_Firm_3,PRJ-1052,2026-01-05,REG,5.82,275,1600.5
C50163,Consultant_164,Consulting_Firm_11,PRJ-1104,2026-01-05,REG,6.53,350,2285.5
C50054,Consultant_55,Consulting_Firm_5,PRJ-1060,2026-01-05,REG,7.58,450,3411.0
C50076,Consultant_77,Consulting_Firm_12,PRJ-1057,2026-01-05,REG,7.02,225,1579.5
C50221,Consultant_222,Consulting_Firm_15,PRJ-1111,2026-01-05,REG,4.55,450,2047.5
C50038,Consultant_39,Consulting_Firm_12,PRJ-1064,2026-01-05,REG,7.55,350,2642.5
C50219,Consultant_220,Consulting_Firm_14,PRJ-1039,2026-01-05,REG,7.18,450,3231.0
C50162,Consultant_163,Consulting_Firm_6,PRJ-1102,2026-01-05,REG,6.85,450,3082.5
C50174,Consultant_175,Consulting_Firm_14,PRJ-1032,2026-01-05,REG,7.22,450,3249.0
C50056,Consultant_57,Consulting_Firm_14,PRJ-1004,2026-01-05,REG,7.88,350,2758.0
C50021,Consultant_22,Consulting_Firm_14,PRJ-1058,2026-01-05,REG,5.82,275,1600.5
C50045,Consultant_46,Consulting_Firm_1,PRJ-1043,2026-01-05,REG,4.31,150,646.4999999999999
C50036,Consultant_37,Consulting_Firm_12,PRJ-1102,2026-01-05,REG,6.18,450,2781.0
C50041,Consultant_42,Consulting_Firm_3,PRJ-1076,2026-01-05,OT,8.52,450,5751.0
C50043,Consultant_44,Consulting_Firm_2,PRJ-1058,2026-01-05,REG,5.19,150,778.5000000000001
C50234,Consultant_235,Consulting_Firm_5,PRJ-1002,2026-01-05,REG,7.78,450,3501.0
C50219,Consultant_220,Consulting_Firm_14,PRJ-1084,2026-01-05,OT,10.96,450,7398.0
C50028,Consultant_29,Consulting_Firm_12,PRJ-1102,2026-01-05,REG,5.65,225,1271.25
C50098,Consultant_99,Consulting_Firm_13,PRJ-1083,2026-01-05,REG,6.11,225,1374.75
C50072,Consultant_73,Consulting_Firm_2,PRJ-1007,2026-01-05,REG,7.68,350,2688.0
C50026,Consultant_27,Consulting_Firm_3,PRJ-1040,2026-01-05,REG,6.58,350,2303.0
C50244,Consultant_245,Consulting_Firm_6,PRJ-1006,2026-01-05,REG,5.26,350,1841.0
C50243,Consultant_244,Consulting_Firm_11,PRJ-1110,2026-01-05,REG,5.44,225,1224.0
C50076,Consultant_77,Consulting_Firm_12,PRJ-1114,2026-01-05,REG,5.68,225,1278.0
C50109,Consultant_110,Consulting_Firm_15,PRJ-1064,2026-01-05,REG,6.85,350,2397.5
C50124,Consultant_125,Consulting_Firm_7,PRJ-1071,2026-01-05,REG,5.27,150,790.4999999999999
C50218,Consultant_219,Consulting_Firm_7,PRJ-1081,2026-01-05,OT,9.01,450,6081.75
C50137,Consultant_138,Consulting_Firm_3,PRJ-1028,2026-01-05,REG,6.9,185,1276.5
C50218,Consultant_219,Consulting_Firm_7,PRJ-1038,2026-01-05,REG,5.0,450,2250.0
C50202,Consultant_203,Consulting_Firm_12,PRJ-1076,2026-01-05,REG,7.58,275,2084.5
C50210,Consultant_211,Consulting_Firm_7,PRJ-1027,2026-01-05,REG,7.15,185,1322.75
C50211,Consultant_212,Consulting_Firm_8,PRJ-1024,2026-01-05,REG,5.35,185,989.7499999999999
C50117,Consultant_118,Consulting_Firm_15,PRJ-1023,2026-01-05,REG,4.5,150,675.0
C50207,Consultant_208,Consulting_Firm_14,PRJ-1099,2026-01-05,OT,10.24,275,4224.0
C50093,Consultant_94,Consulting_Firm_6,PRJ-1064,2026-01-05,REG,7.77,185,1437.4499999999998
C50005,Consultant_6,Consulting_Firm_1,PRJ-1075,2026-01-05,REG,5.65,350,1977.5000000000002
C50094,Consultant_95,Consulting_Firm_6,PRJ-1033,2026-01-05,REG,5.08,450,2286.0
C50138,Consultant_139,Consulting_Firm_10,PRJ-1112,2026-01-05,REG,5.39,275,1482.25
C50106,Consultant_107,Consulting_Firm_13,PRJ-1001,2026-01-05,REG,7.12,350,2492.0
C50184,Consultant_185,Consulting_Firm_1,PRJ-1094,2026-01-05,REG,4.71,150,706.5
C50211,Consultant_212,Consulting_Firm_8,PRJ-1088,2026-01-05,REG,6.04,185,1117.4
C50099,Consultant_100,Consulting_Firm_7,PRJ-1060,2026-01-05,REG,4.87,275,1339.25
C50216,Consultant_217,Consulting_Firm_6,PRJ-1073,2026-01-05,REG,7.88,185,1457.8
C50037,Consultant_38,Consulting_Firm_13,PRJ-1071,2026-01-05,REG,7.02,225,1579.5
C50049,Consultant_50,Consulting_Firm_9,PRJ-1102,2026-01-05,REG,5.66,350,1981.0
C50105,Consultant_106,Consulting_Firm_2,PRJ-1060,2026-01-05,OT,8.82,150,1984.5
C50154,Consultant_155,Consulting_Firm_2,PRJ-1003,2026-01-05,REG,4.64,350,1624.0
C50064,Consultant_65,Consulting_Firm_9,PRJ-1058,2026-01-05,OT,9.4,275,3877.5
C50137,Consultant_138,Consulting_Firm_3,PRJ-1023,2026-01-05,OT,9.09,185,2522.475
C50009,Consultant_10,Consulting_Firm_14,PRJ-1109,2026-01-05,REG,8.0,185,1480.0
C50173,Consultant_174,Consulting_Firm_15,PRJ-1083,2026-01-05,REG,6.9,185,1276.5
C50161,Consultant_162,Consulting_Firm_4,PRJ-1043,2026-01-05,OT,9.01,185,2500.2749999999996
C50170,Consultant_171,Consulting_Firm_9,PRJ-1071,2026-01-05,OT,8.53,275,3518.625
C50104,Consultant_105,Consulting_Firm_9,PRJ-1087,2026-01-05,REG,6.01,185,1111.85
C50087,Consultant_88,Consulting_Firm_13,PRJ-1028,2026-01-05,REG,5.49,225,1235.25
C50072,Consultant_73,Consulting_Firm_2,PRJ-1021,2026-01-05,REG,4.22,350,1477.0
C50112,Consultant_113,Consulting_Firm_11,PRJ-1110,2026-01-05,REG,7.45,275,2048.75
C50075,Consultant_76,Consulting_Firm_3,PRJ-1039,2026-01-05,REG,5.06,185,936.0999999999999
C50201,Consultant_202,Consulting_Firm_4,PRJ-1106,2026-01-05,REG,7.63,185,1411.55
C50043,Consultant_44,Consulting_Firm_2,PRJ-1076,2026-01-05,REG,5.31,150,796.4999999999999
C50062,Consultant_63,Consulting_Firm_10,PRJ-1054,2026-01-05,REG,5.9,450,2655.0
C50044,Consultant_45,Consulting_Firm_3,PRJ-1029,2026-01-05,OT,9.41,350,4940.25
C50153,Consultant_154,Consulting_Firm_2,PRJ-1028,2026-01-05,REG,7.87,275,2164.25
C50176,Consultant_177,Consulting_Firm_8,PRJ-1103,2026-01-05,REG,6.89,185,1274.6499999999999
C50229,Consultant_230,Consulting_Firm_4,PRJ-1111,2026-01-05,REG,4.28,350,1498.0
C50204,Consultant_205,Consulting_Firm_3,PRJ-1110,2026-01-05,REG,4.14,275,1138.5
C50077,Consultant_78,Consulting_Firm_5,PRJ-1073,2026-01-05,REG,5.56,450,2502.0
C50165,Consultant_166,Consulting_Firm_1,PRJ-1038,2026-01-05,REG,6.04,275,1661.0
C50139,Consultant_140,Consulting_Firm_11,PRJ-1094,2026-01-05,REG,4.54,225,1021.5
C50139,Consultant_140,Consulting_Firm_11,PRJ-1078,2026-01-05,REG,6.77,225,1523.25
C50012,Consultant_13,Consulting_Firm_2,PRJ-1112,2026-01-05,REG,7.97,450,3586.5
C50186,Consultant_187,Consulting_Firm_13,PRJ-1008,2026-01-05,OT,11.18,275,4611.75
C50249,Consultant_250,Consulting_Firm_14,PRJ-1075,2026-01-05,REG,7.59,185,1404.1499999999999
C50053,Consultant_54,Consulting_Firm_12,PRJ-1065,2026-01-05,REG,4.41,450,1984.5
C50234,Consultant_235,Consulting_Firm_5,PRJ-1070,2026-01-05,REG,5.41,450,2434.5
C50164,Consultant_165,Consulting_Firm_2,PRJ-1007,2026-01-05,REG,4.55,185,841.75
C50159,Consultant_160,Consulting_Firm_12,PRJ-1060,2026-01-05,REG,6.49,225,1460.25
C50169,Consultant_170,Consulting_Firm_1,PRJ-1067,2026-01-05,REG,5.27,150,790.4999999999999
C50064,Consultant_65,Consulting_Firm_9,PRJ-1026,2026-01-05,REG,4.13,275,1135.75
C50057,Consultant_58,Consulting_Firm_9,PRJ-1001,2026-01-05,REG,6.81,350,2383.5
C50032,Consultant_33,Consulting_Firm_4,PRJ-1043,2026-01-05,OT,10.5,150,2362.5
C50056,Consultant_57,Consulting_Firm_14,PRJ-1016,2026-01-05,REG,4.19,350,1466.5000000000002
C50176,Consultant_177,Consulting_Firm_8,PRJ-1076,2026-01-05,REG,5.45,185,1008.25
C50093,Consultant_94,Consulting_Firm_6,PRJ-1070,2026-01-05,REG,6.37,185,1178.45
C50002,Consultant_3,Consulting_Firm_14,PRJ-1103,2026-01-05,REG,4.5,450,2025.0
C50011,Consultant_12,Consulting_Firm_12,PRJ-1110,2026-01-05,REG,5.51,350,1928.5
C50023,Consultant_24,Consulting_Firm_7,PRJ-1008,2026-01-05,OT,10.45,350,5486.249999999999
C50121,Consultant_122,Consulting_Firm_2,PRJ-1038,2026-01-05,REG,6.93,150,1039.5
C50004,Consultant_5,Consulting_Firm_15,PRJ-1066,2026-01-05,REG,7.41,350,2593.5
C50025,Consultant_26,Consulting_Firm_12,PRJ-1071,2026-01-05,OT,10.23,225,3452.625
C50140,Consultant_141,Consulting_Firm_13,PRJ-1001,2026-01-05,REG,6.31,185,1167.35
C50036,Consultant_37,Consulting_Firm_12,PRJ-1112,2026-01-05,REG,7.01,450,3154.5
C50238,Consultant_239,Consulting_Firm_6,PRJ-1028,2026-01-05,OT,9.43,150,2121.75
C50142,Consultant_143,Consulting_Firm_7,PRJ-1075,2026-01-05,REG,7.26,350,2541.0
C50179,Consultant_180,Consulting_Firm_11,PRJ-1027,2026-01-05,REG,6.22,225,1399.5
C50130,Consultant_131,Consulting_Firm_1,PRJ-1084,2026-01-05,REG,7.17,225,1613.25
C50066,Consultant_67,Consulting_Firm_6,PRJ-1008,2026-01-05,REG,4.15,350,1452.5000000000002
C50031,Consultant_32,Consulting_Firm_12,PRJ-1060,2026-01-05,REG,7.87,350,2754.5
C50081,Consultant_82,Consulting_Firm_5,PRJ-1040,2026-01-05,REG,6.62,150,993.0
C50057,Consultant_58,Consulting_Firm_9,PRJ-1103,2026-01-05,OT,10.58,350,5554.5
C50187,Consultant_188,Consulting_Firm_10,PRJ-1065,2026-01-05,REG,5.56,350,1945.9999999999998
C50166,Consultant_167,Consulting_Firm_11,PRJ-1003,2026-01-05,OT,8.65,450,5838.75
C50196,Consultant_197,Consulting_Firm_2,PRJ-1073,2026-01-05,REG,5.74,225,1291.5
C50107,Consultant_108,Consulting_Firm_3,PRJ-1006,2026-01-05,REG,5.32,185,984.2
C50110,Consultant_111,Consulting_Firm_2,PRJ-1054,2026-01-05,REG,5.84,150,876.0
C50170,Consultant_171,Consulting_Firm_9,PRJ-1064,2026-01-05,OT,10.75,275,4434.375
C50116,Consultant_117,Consulting_Firm_9,PRJ-1099,2026-01-05,REG,4.1,225,922.4999999999999
C50151,Consultant_152,Consulting_Firm_3,PRJ-1025,2026-01-05,REG,7.4,150,1110.0
C50060,Consultant_61,Consulting_Firm_6,PRJ-1039,2026-01-05,OT,9.5,275,3918.75
C50216,Consultant_217,Consulting_Firm_6,PRJ-1071,2026-01-05,REG,4.93,185,912.05
C50172,Consultant_173,Consulting_Firm_1,PRJ-1087,2026-01-05,OT,9.67,275,3988.875
C50085,Consultant_86,Consulting_Firm_2,PRJ-1112,2026-01-05,OT,9.7,185,2691.7499999999995
C50124,Consultant_125,Consulting_Firm_7,PRJ-1068,2026-01-05,REG,5.51,150,826.5
C50224,Consultant_225,Consulting_Firm_15,PRJ-1032,2026-01-05,REG,6.49,150,973.5
C50023,Consultant_24,Consulting_Firm_7,PRJ-1088,2026-01-05,REG,4.51,350,1578.5
C50022,Consultant_23,Consulting_Firm_3,PRJ-1003,2026-01-05,OT,9.59,185,2661.225
C50069,Consultant_70,Consulting_Firm_13,PRJ-1099,2026-01-05,REG,5.94,275,1633.5
C50171,Consultant_172,Consulting_Firm_15,PRJ-1087,2026-01-05,REG,5.45,275,1498.75
C50232,Consultant_233,Consulting_Firm_11,PRJ-1073,2026-01-05,REG,7.97,350,2789.5
C50113,Consultant_114,Consulting_Firm_2,PRJ-1076,2026-01-05,REG,7.07,350,2474.5
C50157,Consultant_158,Consulting_Firm_1,PRJ-1002,2026-01-05,REG,7.13,275,1960.75
C50249,Consultant_250,Consulting_Firm_14,PRJ-1052,2026-01-05,REG,7.33,185,1356.05
C50065,Consultant_66,Consulting_Firm_8,PRJ-1040,2026-01-05,REG,5.96,350,2086.0
C50021,Consultant_22,Consulting_Firm_14,PRJ-1101,2026-01-05,REG,5.94,275,1633.5
C50197,Consultant_198,Consulting_Firm_6,PRJ-1040,2026-01-05,REG,7.53,150,1129.5
C50067,Consultant_68,Consulting_Firm_8,PRJ-1022,2026-01-05,REG,4.44,185,821.4000000000001
C50155,Consultant_156,Consulting_Firm_6,PRJ-1110,2026-01-05,OT,11.8,450,7965.0
C50206,Consultant_207,Consulting_Firm_8,PRJ-1072,2026-01-05,OT,8.68,185,2408.7
C50078,Consultant_79,Consulting_Firm_12,PRJ-1052,2026-01-05,REG,7.89,225,1775.25
C50135,Consultant_136,Consulting_Firm_10,PRJ-1066,2026-01-05,REG,6.74,225,1516.5
C50123,Consultant_124,Consulting_Firm_2,PRJ-1061,2026-01-05,REG,4.28,275,1177.0
C50145,Consultant_146,Consulting_Firm_10,PRJ-1075,2026-01-05,REG,6.05,225,1361.25
C50067,Consultant_68,Consulting_Firm_8,PRJ-1112,2026-01-05,REG,4.44,185,821.4000000000001
C50028,Consultant_29,Consulting_Firm_12,PRJ-1054,2026-01-05,OT,10.98,225,3705.75
C50142,Consultant_143,Consulting_Firm_7,PRJ-1024,2026-01-05,REG,6.48,350,2268.0
C50056,Consultant_57,Consulting_Firm_14,PRJ-1034,2026-01-05,REG,4.28,350,1498.0
C50087,Consultant_88,Consulting_Firm_13,PRJ-1060,2026-01-05,REG,4.48,225,1008.0000000000001
C50017,Consultant_18,Consulting_Firm_9,PRJ-1024,2026-01-05,REG,7.85,350,2747.5
C50156,Consultant_157,Consulting_Firm_8,PRJ-1113,2026-01-05,REG,5.24,225,1179.0
C50004,Consultant_5,Consulting_Firm_15,PRJ-1088,2026-01-05,REG,6.43,350,2250.5
C50231,Consultant_232,Consulting_Firm_2,PRJ-1087,2026-01-05,REG,7.74,275,2128.5
C50042,Consultant_43,Consulting_Firm_7,PRJ-1034,2026-01-05,REG,4.48,150,672.0000000000001
C50054,Consultant_55,Consulting_Firm_5,PRJ-1088,2026-01-05,REG,4.81,450,2164.5
C50044,Consultant_45,Consulting_Firm_3,PRJ-1029,2026-01-05,REG,4.59,350,1606.5
C50065,Consultant_66,Consulting_Firm_8,PRJ-1040,2026-01-05,OT,11.24,350,5901.0
C50129,Consultant_130,Consulting_Firm_3,PRJ-1075,2026-01-05,REG,4.23,350,1480.5000000000002
C50180,Consultant_181,Consulting_Firm_8,PRJ-1038,2026-01-05,REG,5.43,185,1004.55
C50226,Consultant_227,Consulting_Firm_10,PRJ-1003,2026-01-05,REG,5.23,150,784.5000000000001
C50107,Consultant_108,Consulting_Firm_3,PRJ-1104,2026-01-05,REG,6.2,185,1147.0
C50054,Consultant_55,Consulting_Firm_5,PRJ-1003,2026-01-05,REG,4.62,450,2079.0
C50023,Consultant_24,Consulting_Firm_7,PRJ-1005,2026-01-05,REG,5.3,350,1855.0
C50020,Consultant_21,Consulting_Firm_12,PRJ-1023,2026-01-05,OT,11.66,275,4809.75
C50154,Consultant_155,Consulting_Firm_2,PRJ-1061,2026-01-05,OT,8.66,350,4546.5
C50216,Consultant_217,Consulting_Firm_6,PRJ-1065,2026-01-05,REG,7.71,185,1426.35
C50067,Consultant_68,Consulting_Firm_8,PRJ-1110,2026-01-05,REG,4.74,185,876.9000000000001
C50032,Consultant_33,Consulting_Firm_4,PRJ-1083,2026-01-05,OT,10.72,150,2412.0
C50185,Consultant_186,Consulting_Firm_5,PRJ-1059,2026-01-05,REG,5.42,150,813.0
C50248,Consultant_249,Consulting_Firm_6,PRJ-1101,2026-01-05,OT,10.7,350,5617.499999999999
C50019,Consultant_20,Consulting_Firm_6,PRJ-1057,2026-01-05,REG,4.35,350,1522.4999999999998
C50221,Consultant_222,Consulting_Firm_15,PRJ-1023,2026-01-05,REG,4.34,450,1953.0
C50121,Consultant_122,Consulting_Firm_2,PRJ-1087,2026-01-05,OT,9.07,150,2040.75
C50158,Consultant_159,Consulting_Firm_7,PRJ-1059,2026-01-05,REG,6.95,350,2432.5
C50204,Consultant_205,Consulting_Firm_3,PRJ-1075,2026-01-05,REG,6.85,275,1883.75
C50114,Consultant_115,Consulting_Firm_12,PRJ-1079,2026-01-05,REG,4.27,185,789.9499999999999
C50151,Consultant_152,Consulting_Firm_3,PRJ-1064,2026-01-05,REG,4.54,150,681.0
C50192,Consultant_193,Consulting_Firm_14,PRJ-1083,2026-01-05,REG,5.01,185,926.8499999999999
C50167,Consultant_168,Consulting_Firm_2,PRJ-1060,2026-01-05,OT,9.59,225,3236.625
C50116,Consultant_117,Consulting_Firm_9,PRJ-1000,2026-01-05,REG,6.26,225,1408.5
C50091,Consultant_92,Consulting_Firm_14,PRJ-1033,2026-01-05,REG,6.96,450,3132.0
C50154,Consultant_155,Consulting_Firm_2,PRJ-1088,2026-01-05,REG,4.81,350,1683.4999999999998
C50031,Consultant_32,Consulting_Firm_12,PRJ-1024,2026-01-05,OT,11.13,350,5843.250000000001
C50149,Consultant_150,Consulting_Firm_12,PRJ-1021,2026-01-05,REG,4.07,275,1119.25
C50170,Consultant_171,Consulting_Firm_9,PRJ-1079,2026-01-05,REG,5.37,275,1476.75
C50067,Consultant_68,Consulting_Firm_8,PRJ-1070,2026-01-05,REG,4.36,185,806.6
C50137,Consultant_138,Consulting_Firm_3,PRJ-1086,2026-01-05,REG,6.95,185,1285.75
C50218,Consultant_219,Consulting_Firm_7,PRJ-1111,2026-01-05,OT,8.53,450,5757.749999999999
C50208,Consultant_209,Consulting_Firm_5,PRJ-1022,2026-01-05,REG,4.79,450,2155.5
C50032,Consultant_33,Consulting_Firm_4,PRJ-1114,2026-01-05,REG,4.66,150,699.0
C50042,Consultant_43,Consulting_Firm_7,PRJ-1114,2026-01-05,REG,6.17,150,925.5
C50193,Consultant_194,Consulting_Firm_14,PRJ-1102,2026-01-05,REG,6.73,185,1245.0500000000002
C50026,Consultant_27,Consulting_Firm_3,PRJ-1025,2026-01-05,OT,9.63,350,5055.750000000001
C50080,Consultant_81,Consulting_Firm_2,PRJ-1071,2026-01-05,REG,5.51,185,1019.3499999999999
C50174,Consultant_175,Consulting_Firm_14,PRJ-1066,2026-01-05,REG,6.05,450,2722.5
C50017,Consultant_18,Consulting_Firm_9,PRJ-1078,2026-01-05,REG,6.29,350,2201.5
C50194,Consultant_195,Consulting_Firm_6,PRJ-1021,2026-01-05,REG,4.65,225,1046.25
C50132,Consultant_133,Consulting_Firm_2,PRJ-1003,2026-01-05,REG,4.24,150,636.0
C50009,Consultant_10,Consulting_Firm_14,PRJ-1032,2026-01-05,REG,6.21,185,1148.85
C50233,Consultant_234,Consulting_Firm_10,PRJ-1079,2026-01-05,OT,9.89,225,3337.875
C50016,Consultant_17,Consulting_Firm_6,PRJ-1070,2026-01-05,REG,5.56,150,833.9999999999999
C50153,Consultant_154,Consulting_Firm_2,PRJ-1035,2026-01-05,REG,6.45,275,1773.75
C50053,Consultant_54,Consulting_Firm_12,PRJ-1053,2026-01-05,REG,5.09,450,2290.5
C50085,Consultant_86,Consulting_Firm_2,PRJ-1102,2026-01-05,REG,5.18,185,958.3
C50097,Consultant_98,Consulting_Firm_14,PRJ-1094,2026-01-05,OT,9.85,450,6648.75
C50186,Consultant_187,Consulting_Firm_13,PRJ-1097,2026-01-05,REG,7.11,275,1955.25
C50070,Consultant_71,Consulting_Firm_8,PRJ-1023,2026-01-05,REG,4.65,350,1627.5000000000002
C50078,Consultant_79,Consulting_Firm_12,PRJ-1017,2026-01-05,REG,7.32,225,1647.0
C50142,Consultant_143,Consulting_Firm_7,PRJ-1028,2026-01-05,REG,5.87,350,2054.5
C50215,Consultant_216,Consulting_Firm_1,PRJ-1070,2026-01-05,OT,10.33,225,3486.375
C50136,Consultant_137,Consulting_Firm_2,PRJ-1034,2026-01-05,OT,11.16,450,7533.0
C50240,Consultant_241,Consulting_Firm_15,PRJ-1111,2026-01-05,REG,7.03,150,1054.5
C50226,Consultant_227,Consulting_Firm_10,PRJ-1023,2026-01-05,REG,5.59,150,838.5
C50064,Consultant_65,Consulting_Firm_9,PRJ-1087,2026-01-05,REG,6.2,275,1705.0
C50068,Consultant_69,Consulting_Firm_12,PRJ-1033,2026-01-05,REG,7.11,450,3199.5
C50148,Consultant_149,Consulting_Firm_9,PRJ-1102,2026-01-05,REG,5.95,350,2082.5
C50097,Consultant_98,Consulting_Firm_14,PRJ-1029,2026-01-05,REG,5.7,450,2565.0
C50127,Consultant_128,Consulting_Firm_14,PRJ-1025,2026-01-05,OT,9.99,185,2772.2250000000004
C50209,Consultant_210,Consulting_Firm_2,PRJ-1087,2026-01-05,REG,5.1,350,1784.9999999999998
C50109,Consultant_110,Consulting_Firm_15,PRJ-1110,2026-01-05,REG,5.35,350,1872.4999999999998
C50241,Consultant_242,Consulting_Firm_1,PRJ-1033,2026-01-05,REG,5.97,275,1641.75
C50132,Consultant_133,Consulting_Firm_2,PRJ-1007,2026-01-05,REG,4.79,150,718.5
C50243,Consultant_244,Consulting_Firm_11,PRJ-1066,2026-01-05,REG,6.1,225,1372.5
C50089,Consultant_90,Consulting_Firm_6,PRJ-1057,2026-01-05,REG,5.31,275,1460.25
C50111,Consultant_112,Consulting_Firm_6,PRJ-1029,2026-01-05,REG,7.35,450,3307.5
C50002,Consultant_3,Consulting_Firm_14,PRJ-1051,2026-01-05,REG,7.74,450,3483.0
C50125,Consultant_126,Consulting_Firm_13,PRJ-1032,2026-01-05,REG,4.41,350,1543.5
C50187,Consultant_188,Consulting_Firm_10,PRJ-1035,2026-01-05,REG,6.43,350,2250.5
C50089,Consultant_90,Consulting_Firm_6,PRJ-1059,2026-01-05,OT,9.2,275,3795.0
C50096,Consultant_97,Consulting_Firm_1,PRJ-1071,2026-01-05,OT,11.05,225,3729.375
C50138,Consultant_139,Consulting_Firm_10,PRJ-1065,2026-01-05,REG,4.18,275,1149.5
C50224,Consultant_225,Consulting_Firm_15,PRJ-1050,2026-01-05,REG,4.96,150,744.0
C50117,Consultant_118,Consulting_Firm_15,PRJ-1070,2026-01-05,OT,11.45,150,2576.25
C50036,Consultant_37,Consulting_Firm_12,PRJ-1026,2026-01-05,REG,5.51,450,2479.5
C50091,Consultant_92,Consulting_Firm_14,PRJ-1067,2026-01-05,REG,4.77,450,2146.5
C50241,Consultant_242,Consulting_Firm_1,PRJ-1060,2026-01-05,OT,9.86,275,4067.25
C50123,Consultant_124,Consulting_Firm_2,PRJ-1026,2026-01-05,REG,4.39,275,1207.25
C50010,Consultant_11,Consulting_Firm_11,PRJ-1003,2026-01-05,REG,5.99,450,2695.5
C50166,Consultant_167,Consulting_Firm_11,PRJ-1067,2026-01-05,OT,9.96,450,6723.0
C50082,Consultant_83,Consulting_Firm_13,PRJ-1049,2026-01-05,REG,7.43,275,2043.25
C50124,Consultant_125,Consulting_Firm_7,PRJ-1114,2026-01-05,REG,7.63,150,1144.5
C50042,Consultant_43,Consulting_Firm_7,PRJ-1024,2026-01-05,REG,7.08,150,1062.0
C50022,Consultant_23,Consulting_Firm_3,PRJ-1036,2026-01-05,REG,4.92,185,910.1999999999999
C50005,Consultant_6,Consulting_Firm_1,PRJ-1000,2026-01-05,REG,7.09,350,2481.5
C50170,Consultant_171,Consulting_Firm_9,PRJ-1064,2026-01-05,REG,6.39,275,1757.25
C50141,Consultant_142,Consulting_Firm_6,PRJ-1028,2026-01-05,REG,4.33,450,1948.5
C50059,Consultant_60,Consulting_Firm_14,PRJ-1002,2026-01-05,REG,7.1,150,1065.0
C50004,Consultant_5,Consulting_Firm_15,PRJ-1101,2026-01-05,REG,4.6,350,1609.9999999999998
C50240,Consultant_241,Consulting_Firm_15,PRJ-1006,2026-01-05,REG,7.92,150,1188.0
C50109,Consultant_110,Consulting_Firm_15,PRJ-1002,2026-01-05,REG,6.3,350,2205.0
C50033,Consultant_34,Consulting_Firm_6,PRJ-1058,2026-01-05,OT,10.33,225,3486.375
C50094,Consultant_95,Consulting_Firm_6,PRJ-1112,2026-01-05,REG,4.52,450,2033.9999999999998
C50214,Consultant_215,Consulting_Firm_6,PRJ-1114,2026-01-05,REG,4.9,225,1102.5
C50142,Consultant_143,Consulting_Firm_7,PRJ-1058,2026-01-05,REG,4.35,350,1522.4999999999998
C50040,Consultant_41,Consulting_Firm_10,PRJ-1104,2026-01-05,REG,5.5,185,1017.5
C50218,Consultant_219,Consulting_Firm_7,PRJ-1005,2026-01-05,REG,6.02,450,2709.0
C50004,Consultant_5,Consulting_Firm_15,PRJ-1059,2026-01-05,REG,5.03,350,1760.5
C50227,Consultant_228,Consulting_Firm_13,PRJ-1073,2026-01-05,REG,4.93,450,2218.5
C50055,Consultant_56,Consulting_Firm_5,PRJ-1028,2026-01-05,REG,6.66,150,999.0
C50122,Consultant_123,Consulting_Firm_15,PRJ-1008,2026-01-05,REG,4.93,185,912.05
C50227,Consultant_228,Consulting_Firm_13,PRJ-1094,2026-01-05,REG,7.78,450,3501.0
C50100,Consultant_101,Consulting_Firm_13,PRJ-1034,2026-01-05,REG,4.33,185,801.0500000000001
C50188,Consultant_189,Consulting_Firm_9,PRJ-1104,2026-01-05,REG,5.2,450,2340.0
C50058,Consultant_59,Consulting_Firm_9,PRJ-1070,2026-01-05,REG,5.1,225,1147.5
C50023,Consultant_24,Consulting_Firm_7,PRJ-1088,2026-01-05,REG,5.88,350,2058.0
C50206,Consultant_207,Consulting_Firm_8,PRJ-1000,2026-01-05,REG,4.03,185,745.5500000000001
C50084,Consultant_85,Consulting_Firm_11,PRJ-1065,2026-01-05,REG,4.23,185,782.5500000000001
C50131,Consultant_132,Consulting_Firm_3,PRJ-1032,2026-01-05,REG,7.32,185,1354.2
C50171,Consultant_172,Consulting_Firm_15,PRJ-1111,2026-01-05,REG,4.81,275,1322.75
C50236,Consultant_237,Consulting_Firm_8,PRJ-1101,2026-01-05,REG,4.2,225,945.0
C50103,Consultant_104,Consulting_Firm_8,PRJ-1021,2026-01-05,REG,5.04,275,1386.0
C50246,Consultant_247,Consulting_Firm_13,PRJ-1105,2026-01-05,REG,5.12,185,947.2
C50108,Consultant_109,Consulting_Firm_9,PRJ-1006,2026-01-05,REG,6.95,350,2432.5
C50199,Consultant_200,Consulting_Firm_9,PRJ-1099,2026-01-05,REG,7.98,225,1795.5
C50049,Consultant_50,Consulting_Firm_9,PRJ-1089,2026-01-05,REG,7.09,350,2481.5
C50180,Consultant_181,Consulting_Firm_8,PRJ-1084,2026-01-05,OT,9.5,185,2636.25
C50105,Consultant_106,Consulting_Firm_2,PRJ-1060,2026-01-05,REG,7.23,150,1084.5
C50142,Consultant_143,Consulting_Firm_7,PRJ-1084,2026-01-05,REG,4.83,350,1690.5
C50145,Consultant_146,Consulting_Firm_10,PRJ-1087,2026-01-05,REG,5.15,225,1158.75
C50128,Consultant_129,Consulting_Firm_4,PRJ-1089,2026-01-05,OT,11.57,150,2603.25
C50241,Consultant_242,Consulting_Firm_1,PRJ-1053,2026-01-05,REG,5.62,275,1545.5
C50221,Consultant_222,Consulting_Firm_15,PRJ-1008,2026-01-05,REG,7.23,450,3253.5
C50002,Consultant_3,Consulting_Firm_14,PRJ-1114,2026-01-05,REG,6.51,450,2929.5
C50143,Consultant_144,Consulting_Firm_14,PRJ-1052,2026-01-05,REG,7.39,350,2586.5
C50170,Consultant_171,Consulting_Firm_9,PRJ-1103,2026-01-05,REG,5.35,275,1471.25
C50221,Consultant_222,Consulting_Firm_15,PRJ-1102,2026-01-05,REG,7.0,450,3150.0
C50134,Consultant_135,Consulting_Firm_7,PRJ-1023,2026-01-05,REG,4.32,225,972.0000000000001
C50012,Consultant_13,Consulting_Firm_2,PRJ-1039,2026-01-05,REG,4.57,450,2056.5
C50200,Consultant_201,Consulting_Firm_1,PRJ-1071,2026-01-05,REG,5.77,350,2019.4999999999998
C50106,Consultant_107,Consulting_Firm_13,PRJ-1052,2026-01-05,REG,7.91,350,2768.5
C50136,Consultant_137,Consulting_Firm_2,PRJ-1052,2026-01-05,REG,5.12,450,2304.0
C50043,Consultant_44,Consulting_Firm_2,PRJ-1061,2026-01-05,REG,4.01,150,601.5
C50127,Consultant_128,Consulting_Firm_14,PRJ-1079,2026-01-05,REG,5.81,185,1074.85
C50119,Consultant_120,Consulting_Firm_12,PRJ-1039,2026-01-05,REG,7.03,450,3163.5
C50244,Consultant_245,Consulting_Firm_6,PRJ-1101,2026-01-05,REG,4.65,350,1627.5000000000002
C50225,Consultant_226,Consulting_Firm_11,PRJ-1052,2026-01-05,OT,9.57,225,3229.875
C50062,Consultant_63,Consulting_Firm_10,PRJ-1030,2026-01-05,REG,7.83,450,3523.5
C50145,Consultant_146,Consulting_Firm_10,PRJ-1061,2026-01-05,OT,9.07,225,3061.125
C50191,Consultant_192,Consulting_Firm_11,PRJ-1053,2026-01-05,REG,6.91,275,1900.25
C50013,Consultant_14,Consulting_Firm_14,PRJ-1014,2026-01-05,REG,5.37,185,993.45
C50158,Consultant_159,Consulting_Firm_7,PRJ-1037,2026-01-05,REG,5.93,350,2075.5
C50031,Consultant_32,Consulting_Firm_12,PRJ-1006,2026-01-05,REG,5.48,350,1918.0000000000002
C50164,Consultant_165,Consulting_Firm_2,PRJ-1035,2026-01-05,REG,4.32,185,799.2
C50056,Consultant_57,Consulting_Firm_14,PRJ-1113,2026-01-05,REG,4.51,350,1578.5
C50062,Consultant_63,Consulting_Firm_10,PRJ-1001,2026-01-05,OT,9.19,450,6203.25
C50159,Consultant_160,Consulting_Firm_12,PRJ-1006,2026-01-05,OT,10.69,225,3607.875
C50233,Consultant_234,Consulting_Firm_10,PRJ-1021,2026-01-05,REG,4.67,225,1050.75
C50219,Consultant_220,Consulting_Firm_14,PRJ-1034,2026-01-05,REG,5.64,450,2538.0
C50191,Consultant_192,Consulting_Firm_11,PRJ-1113,2026-01-05,REG,4.83,275,1328.25
C50052,Consultant_53,Consulting_Firm_7,PRJ-1106,2026-01-05,REG,7.05,275,1938.75
C50052,Consultant_53,Consulting_Firm_7,PRJ-1076,2026-01-05,REG,7.2,275,1980.0
C50175,Consultant_176,Consulting_Firm_15,PRJ-1088,2026-01-05,REG,7.88,350,2758.0
C50239,Consultant_240,Consulting_Firm_13,PRJ-1079,2026-01-05,REG,4.51,275,1240.25
C50048,Consultant_49,Consulting_Firm_11,PRJ-1021,2026-01-05,REG,5.81,275,1597.75
C50102,Consultant_103,Consulting_Firm_13,PRJ-1104,2026-01-05,REG,6.3,225,1417.5
C50005,Consultant_6,Consulting_Firm_1,PRJ-1106,2026-01-05,REG,6.2,350,2170.0
C50114,Consultant_115,Consulting_Firm_12,PRJ-1087,2026-01-05,REG,6.34,185,1172.8999999999999
C50140,Consultant_141,Consulting_Firm_13,PRJ-1073,2026-01-05,OT,8.82,185,2447.55
C50113,Consultant_114,Consulting_Firm_2,PRJ-1024,2026-01-05,REG,7.03,350,2460.5
C50191,Consultant_192,Consulting_Firm_11,PRJ-1104,2026-01-05,OT,10.32,275,4257.0
C50124,Consultant_125,Consulting_Firm_7,PRJ-1025,2026-01-05,REG,6.65,150,997.5
C50213,Consultant_214,Consulting_Firm_3,PRJ-1002,2026-01-05,REG,5.15,185,952.7500000000001
C50131,Consultant_132,Consulting_Firm_3,PRJ-1073,2026-01-05,REG,7.97,185,1474.45
C50142,Consultant_143,Consulting_Firm_7,PRJ-1035,2026-01-05,REG,6.43,350,2250.5
C50180,Consultant_181,Consulting_Firm_8,PRJ-1043,2026-01-05,REG,6.55,185,1211.75
C50168,Consultant_169,Consulting_Firm_7,PRJ-1028,2026-01-05,REG,5.28,450,2376.0
C50133,Consultant_134,Consulting_Firm_7,PRJ-1072,2026-01-05,REG,5.89,275,1619.75
C50236,Consultant_237,Consulting_Firm_8,PRJ-1032,2026-01-05,REG,4.26,225,958.5
C50031,Consultant_32,Consulting_Firm_12,PRJ-1059,2026-01-05,OT,8.94,350,4693.5
C50209,Consultant_210,Consulting_Firm_2,PRJ-1037,2026-01-05,REG,4.6,350,1609.9999999999998
C50011,Consultant_12,Consulting_Firm_12,PRJ-1029,2026-01-05,OT,9.77,350,5129.25
C50215,Consultant_216,Consulting_Firm_1,PRJ-1072,2026-01-05,OT,10.24,225,3456.0
C50047,Consultant_48,Consulting_Firm_6,PRJ-1028,2026-01-05,REG,7.94,185,1468.9
C50125,Consultant_126,Consulting_Firm_13,PRJ-1054,2026-01-05,REG,7.77,350,2719.5
C50069,Consultant_70,Consulting_Firm_13,PRJ-1052,2026-01-05,REG,7.1,275,1952.5
C50080,Consultant_81,Consulting_Firm_2,PRJ-1034,2026-01-05,REG,4.38,185,810.3
C50151,Consultant_152,Consulting_Firm_3,PRJ-1114,2026-01-05,REG,4.73,150,709.5000000000001
C50042,Consultant_43,Consulting_Firm_7,PRJ-1029,2026-01-05,REG,7.24,150,1086.0
C50158,Consultant_159,Consulting_Firm_7,PRJ-1073,2026-01-05,REG,6.82,350,2387.0
C50076,Consultant_77,Consulting_Firm_12,PRJ-1075,2026-01-05,REG,4.34,225,976.5
C50088,Consultant_89,Consulting_Firm_13,PRJ-1064,2026-01-05,REG,6.71,450,3019.5
C50135,Consultant_136,Consulting_Firm_10,PRJ-1050,2026-01-05,REG,7.39,225,1662.75
C50242,Consultant_243,Consulting_Firm_15,PRJ-1072,2026-01-05,REG,7.83,150,1174.5
C50036,Consultant_37,Consulting_Firm_12,PRJ-1023,2026-01-05,OT,11.15,450,7526.25
C50072,Consultant_73,Consulting_Firm_2,PRJ-1023,2026-01-05,REG,6.48,350,2268.0
C50057,Consultant_58,Consulting_Firm_9,PRJ-1057,2026-01-05,REG,6.61,350,2313.5
C50184,Consultant_185,Consulting_Firm_1,PRJ-1086,2026-01-05,REG,5.81,150,871.4999999999999
C50133,Consultant_134,Consulting_Firm_7,PRJ-1071,2026-01-05,REG,7.35,275,2021.25
C50216,Consultant_217,Consulting_Firm_6,PRJ-1032,2026-01-05,REG,5.16,185,954.6
C50180,Consultant_181,Consulting_Firm_8,PRJ-1060,2026-01-05,REG,7.96,185,1472.6
C50214,Consultant_215,Consulting_Firm_6,PRJ-1034,2026-01-05,OT,9.59,225,3236.625
C50233,Consultant_234,Consulting_Firm_10,PRJ-1106,2026-01-05,REG,7.68,225,1728.0
C50122,Consultant_123,Consulting_Firm_15,PRJ-1057,2026-01-05,REG,4.83,185,893.5500000000001
C50114,Consultant_115,Consulting_Firm_12,PRJ-1093,2026-01-05,REG,5.33,185,986.0500000000001
C50021,Consultant_22,Consulting_Firm_14,PRJ-1044,2026-01-05,REG,7.45,275,2048.75
C50084,Consultant_85,Consulting_Firm_11,PRJ-1002,2026-01-05,REG,6.2,185,1147.0
C50171,Consultant_172,Consulting_Firm_15,PRJ-1032,2026-01-05,REG,6.6,275,1815.0
C50115,Consultant_116,Consulting_Firm_5,PRJ-1113,2026-01-05,REG,7.2,450,3240.0
C50166,Consultant_167,Consulting_Firm_11,PRJ-1083,2026-01-05,REG,4.17,450,1876.5
C50192,Consultant_193,Consulting_Firm_14,PRJ-1065,2026-01-05,REG,6.24,185,1154.4
C50168,Consultant_169,Consulting_Firm_7,PRJ-1094,2026-01-05,REG,4.18,450,1880.9999999999998
C50086,Consultant_87,Consulting_Firm_13,PRJ-1023,2026-01-05,REG,5.7,450,2565.0
C50063,Consultant_64,Consulting_Firm_15,PRJ-1042,2026-01-05,REG,6.5,225,1462.5
C50001,Consultant_2,Consulting_Firm_1,PRJ-1099,2026-01-05,REG,7.05,185,1304.25
C50220,Consultant_221,Consulting_Firm_11,PRJ-1003,2026-01-05,OT,10.83,275,4467.375
C50109,Consultant_110,Consulting_Firm_15,PRJ-1061,2026-01-05,OT,10.08,350,5292.0
C50128,Consultant_129,Consulting_Firm_4,PRJ-1043,2026-01-05,REG,7.7,150,1155.0
C50064,Consultant_65,Consulting_Firm_9,PRJ-1006,2026-01-05,OT,8.95,275,3691.875
C50055,Consultant_56,Consulting_Firm_5,PRJ-1088,2026-01-05,REG,4.97,150,745.5
C50203,Consultant_204,Consulting_Firm_12,PRJ-1003,2026-01-05,REG,6.38,350,2233.0
C50198,Consultant_199,Consulting_Firm_6,PRJ-1094,2026-01-05,OT,8.7,350,4567.499999999999
C50041,Consultant_42,Consulting_Firm_3,PRJ-1072,2026-01-05,REG,4.09,450,1840.5
C50221,Consultant_222,Consulting_Firm_15,PRJ-1078,2026-01-05,REG,7.62,450,3429.0
C50040,Consultant_41,Consulting_Firm_10,PRJ-1114,2026-01-05,REG,4.25,185,786.25
C50152,Consultant_153,Consulting_Firm_12,PRJ-1033,2026-01-05,REG,4.6,350,1609.9999999999998
C50104,Consultant_105,Consulting_Firm_9,PRJ-1059,2026-01-05,OT,10.99,185,3049.7250000000004
C50236,Consultant_237,Consulting_Firm_8,PRJ-1052,2026-01-05,REG,7.04,225,1584.0
C50210,Consultant_211,Consulting_Firm_7,PRJ-1065,2026-01-05,REG,5.07,185,937.95
C50052,Consultant_53,Consulting_Firm_7,PRJ-1066,2026-01-05,REG,5.34,275,1468.5
C50079,Consultant_80,Consulting_Firm_5,PRJ-1021,2026-01-05,OT,11.78,350,6184.5
C50137,Consultant_138,Consulting_Firm_3,PRJ-1111,2026-01-05,REG,5.33,185,986.0500000000001
C50092,Consultant_93,Consulting_Firm_15,PRJ-1089,2026-01-05,REG,4.86,225,1093.5
C50247,Consultant_248,Consulting_Firm_2,PRJ-1029,2026-01-05,OT,9.95,150,2238.75
C50242,Consultant_243,Consulting_Firm_15,PRJ-1067,2026-01-05,REG,7.51,150,1126.5
C50120,Consultant_121,Consulting_Firm_7,PRJ-1039,2026-01-05,REG,7.11,350,2488.5
C50223,Consultant_224,Consulting_Firm_8,PRJ-1023,2026-01-05,REG,7.1,275,1952.5
C50201,Consultant_202,Consulting_Firm_4,PRJ-1038,2026-01-05,REG,4.15,185,767.7500000000001
C50182,Consultant_183,Consulting_Firm_8,PRJ-1039,2026-01-05,REG,7.01,225,1577.25
C50029,Consultant_30,Consulting_Firm_7,PRJ-1053,2026-01-05,REG,4.52,150,677.9999999999999
C50150,Consultant_151,Consulting_Firm_3,PRJ-1088,2026-01-05,REG,7.73,225,1739.25
C50000,Consultant_1,Consulting_Firm_7,PRJ-1081,2026-01-05,REG,7.09,225,1595.25
C50120,Consultant_121,Consulting_Firm_7,PRJ-1057,2026-01-05,OT,11.58,350,6079.5
C50227,Consultant_228,Consulting_Firm_13,PRJ-1086,2026-01-05,REG,5.16,450,2322.0
C50013,Consultant_14,Consulting_Firm_14,PRJ-1084,2026-01-05,REG,7.22,185,1335.7
C50161,Consultant_162,Consulting_Firm_4,PRJ-1050,2026-01-05,REG,5.52,185,1021.1999999999999
C50081,Consultant_82,Consulting_Firm_5,PRJ-1022,2026-01-05,REG,5.1,150,765.0
C50138,Consultant_139,Consulting_Firm_10,PRJ-1084,2026-01-05,REG,6.58,275,1809.5
C50071,Consultant_72,Consulting_Firm_12,PRJ-1109,2026-01-05,REG,6.66,275,1831.5
C50083,Consultant_84,Consulting_Firm_3,PRJ-1051,2026-01-05,REG,5.55,185,1026.75
C50081,Consultant_82,Consulting_Firm_5,PRJ-1103,2026-01-05,REG,6.98,150,1047.0
C50174,Consultant_175,Consulting_Firm_14,PRJ-1031,2026-01-05,REG,4.55,450,2047.5
C50082,Consultant_83,Consulting_Firm_13,PRJ-1034,2026-01-05,REG,5.72,275,1573.0
C50231,Consultant_232,Consulting_Firm_2,PRJ-1083,2026-01-05,OT,9.8,275,4042.5
C50140,Consultant_141,Consulting_Firm_13,PRJ-1094,2026-01-05,REG,5.02,185,928.6999999999999
C50222,Consultant_223,Consulting_Firm_14,PRJ-1060,2026-01-05,REG,6.33,150,949.5
C50208,Consultant_209,Consulting_Firm_5,PRJ-1081,2026-01-05,REG,6.53,450,2938.5
C50245,Consultant_246,Consulting_Firm_6,PRJ-1075,2026-01-05,REG,5.7,185,1054.5
C50154,Consultant_155,Consulting_Firm_2,PRJ-1035,2026-01-05,OT,9.61,350,5045.25
C50208,Consultant_209,Consulting_Firm_5,PRJ-1028,2026-01-05,OT,9.53,450,6432.75
C50040,Consultant_41,Consulting_Firm_10,PRJ-1041,2026-01-05,REG,7.61,185,1407.8500000000001
C50217,Consultant_218,Consulting_Firm_4,PRJ-1043,2026-01-05,REG,4.8,450,2160.0
C50121,Consultant_122,Consulting_Firm_2,PRJ-1094,2026-01-05,REG,4.07,150,610.5
C50062,Consultant_63,Consulting_Firm_10,PRJ-1112,2026-01-05,REG,6.85,450,3082.5
C50200,Consultant_201,Consulting_Firm_1,PRJ-1072,2026-01-05,OT,10.34,350,5428.5
C50222,Consultant_223,Consulting_Firm_14,PRJ-1002,2026-01-05,REG,5.68,150,852.0
C50195,Consultant_196,Consulting_Firm_13,PRJ-1075,2026-01-05,REG,5.64,225,1269.0
C50092,Consultant_93,Consulting_Firm_15,PRJ-1065,2026-01-05,OT,11.92,225,4023.0
C50216,Consultant_217,Consulting_Firm_6,PRJ-1043,2026-01-05,REG,6.17,185,1141.45
C50178,Consultant_179,Consulting_Firm_7,PRJ-1101,2026-01-05,REG,5.65,185,1045.25
C50101,Consultant_102,Consulting_Firm_12,PRJ-1106,2026-01-05,REG,5.68,450,2556.0
C50126,Consultant_127,Consulting_Firm_7,PRJ-1113,2026-01-05,REG,6.16,275,1694.0
C50077,Consultant_78,Consulting_Firm_5,PRJ-1025,2026-01-05,REG,7.96,450,3582.0
C50030,Consultant_31,Consulting_Firm_4,PRJ-1049,2026-01-05,REG,5.88,275,1617.0
C50081,Consultant_82,Consulting_Firm_5,PRJ-1049,2026-01-05,REG,4.33,150,649.5
C50210,Consultant_211,Consulting_Firm_7,PRJ-1025,2026-01-05,REG,6.97,185,1289.45
C50120,Consultant_121,Consulting_Firm_7,PRJ-1079,2026-01-05,REG,6.89,350,2411.5
C50134,Consultant_135,Consulting_Firm_7,PRJ-1079,2026-01-05,REG,4.74,225,1066.5
C50144,Consultant_145,Consulting_Firm_13,PRJ-1102,2026-01-05,REG,4.6,275,1265.0
C50121,Consultant_122,Consulting_Firm_2,PRJ-1000,2026-01-05,REG,5.92,150,888.0
C50051,Consultant_52,Consulting_Firm_7,PRJ-1037,2026-01-05,REG,5.08,350,1778.0
C50211,Consultant_212,Consulting_Firm_8,PRJ-1079,2026-01-05,OT,11.53,185,3199.575
C50017,Consultant_18,Consulting_Firm_9,PRJ-1110,2026-01-05,REG,4.7,350,1645.0
C50184,Consultant_185,Consulting_Firm_1,PRJ-1006,2026-01-05,REG,7.08,150,1062.0
C50108,Consultant_109,Consulting_Firm_9,PRJ-1046,2026-01-05,REG,7.18,350,2513.0
C50065,Consultant_66,Consulting_Firm_8,PRJ-1050,2026-01-05,REG,5.89,350,2061.5
C50212,Consultant_213,Consulting_Firm_15,PRJ-1014,2026-01-05,OT,10.05,185,2788.8750000000005
C50024,Consultant_25,Consulting_Firm_2,PRJ-1033,2026-01-05,OT,10.27,185,2849.9249999999997
C50180,Consultant_181,Consulting_Firm_8,PRJ-1039,2026-01-05,REG,5.61,185,1037.8500000000001
C50029,Consultant_30,Consulting_Firm_7,PRJ-1049,2026-01-05,OT,9.36,150,2106.0
C50039,Consultant_40,Consulting_Firm_5,PRJ-1087,2026-01-05,REG,4.65,275,1278.75
C50151,Consultant_152,Consulting_Firm_3,PRJ-1073,2026-01-05,REG,7.91,150,1186.5
C50013,Consultant_14,Consulting_Firm_14,PRJ-1061,2026-01-05,REG,4.61,185,852.85
C50024,Consultant_25,Consulting_Firm_2,PRJ-1084,2026-01-05,REG,5.8,185,1073.0
C50066,Consultant_67,Consulting_Firm_6,PRJ-1057,2026-01-05,REG,6.6,350,2310.0
C50056,Consultant_57,Consulting_Firm_14,PRJ-1064,2026-01-05,OT,10.01,350,5255.25
C50005,Consultant_6,Consulting_Firm_1,PRJ-1035,2026-01-05,REG,5.42,350,1897.0
C50062,Consultant_63,Consulting_Firm_10,PRJ-1022,2026-01-05,REG,7.2,450,3240.0
C50017,Consultant_18,Consulting_Firm_9,PRJ-1006,2026-01-05,REG,7.72,350,2702.0
C50088,Consultant_89,Consulting_Firm_13,PRJ-1084,2026-01-05,REG,4.59,450,2065.5
C50163,Consultant_164,Consulting_Firm_11,PRJ-1072,2026-01-05,OT,11.51,350,6042.75
C50210,Consultant_211,Consulting_Firm_7,PRJ-1111,2026-01-05,OT,9.28,185,2575.2
C50091,Consultant_92,Consulting_Firm_14,PRJ-1060,2026-01-05,REG,6.7,450,3015.0
C50059,Consultant_60,Consulting_Firm_14,PRJ-1072,2026-01-05,OT,11.58,150,2605.5
C50004,Consultant_5,Consulting_Firm_15,PRJ-1053,2026-01-05,REG,7.63,350,2670.5
C50063,Consultant_64,Consulting_Firm_15,PRJ-1023,2026-01-05,REG,7.34,225,1651.5
C50225,Consultant_226,Consulting_Firm_11,PRJ-1081,2026-01-05,REG,4.77,225,1073.25
C50077,Consultant_78,Consulting_Firm_5,PRJ-1075,2026-01-05,REG,7.02,450,3159.0
C50129,Consultant_130,Consulting_Firm_3,PRJ-1113,2026-01-05,REG,5.86,350,2051.0
C50191,Consultant_192,Consulting_Firm_11,PRJ-1083,2026-01-05,REG,7.03,275,1933.25
C50216,Consultant_217,Consulting_Firm_6,PRJ-1078,2026-01-05,REG,5.86,185,1084.1000000000001
C50193,Consultant_194,Consulting_Firm_14,PRJ-1078,2026-01-05,REG,5.39,185,997.15
C50090,Consultant_91,Consulting_Firm_12,PRJ-1059,2026-01-05,REG,4.58,350,1603.0
C50239,Consultant_240,Consulting_Firm_13,PRJ-1037,2026-01-05,OT,8.66,275,3572.25
C50246,Consultant_247,Consulting_Firm_13,PRJ-1112,2026-01-05,REG,6.49,185,1200.65
C50046,Consultant_47,Consulting_Firm_3,PRJ-1036,2026-01-05,OT,8.71,275,3592.875000000001
C50021,Consultant_22,Consulting_Firm_14,PRJ-1023,2026-01-05,REG,4.82,275,1325.5
C50080,Consultant_81,Consulting_Firm_2,PRJ-1113,2026-01-05,REG,7.45,185,1378.25
C50247,Consultant_248,Consulting_Firm_2,PRJ-1027,2026-01-05,OT,9.83,150,2211.75
C50243,Consultant_244,Consulting_Firm_11,PRJ-1050,2026-01-05,REG,6.17,225,1388.25
C50243,Consultant_244,Consulting_Firm_11,PRJ-1057,2026-01-05,OT,9.91,225,3344.625
C50145,Consultant_146,Consulting_Firm_10,PRJ-1064,2026-01-05,REG,5.54,225,1246.5
C50053,Consultant_54,Consulting_Firm_12,PRJ-1066,2026-01-05,OT,11.96,450,8073.0
C50000,Consultant_1,Consulting_Firm_7,PRJ-1014,2026-01-05,REG,4.73,225,1064.25
C50037,Consultant_38,Consulting_Firm_13,PRJ-1064,2026-01-05,REG,4.64,225,1044.0
C50075,Consultant_76,Consulting_Firm_3,PRJ-1050,2026-01-05,OT,9.68,185,2686.2
C50027,Consultant_28,Consulting_Firm_6,PRJ-1026,2026-01-05,REG,6.72,185,1243.2
C50206,Consultant_207,Consulting_Firm_8,PRJ-1073,2026-01-05,REG,4.21,185,778.85
C50225,Consultant_226,Consulting_Firm_11,PRJ-1112,2026-01-05,OT,11.57,225,3904.875
C50032,Consultant_33,Consulting_Firm_4,PRJ-1094,2026-01-05,REG,5.13,150,769.5
C50163,Consultant_164,Consulting_Firm_11,PRJ-1009,2026-01-05,REG,6.25,350,2187.5
C50195,Consultant_196,Consulting_Firm_13,PRJ-1100,2026-01-05,REG,4.28,225,963.0
C50205,Consultant_206,Consulting_Firm_10,PRJ-1087,2026-01-05,REG,5.31,350,1858.4999999999998
C50087,Consultant_88,Consulting_Firm_13,PRJ-1001,2026-01-05,REG,7.24,225,1629.0
C50230,Consultant_231,Consulting_Firm_8,PRJ-1106,2026-01-05,REG,5.17,225,1163.25
C50207,Consultant_208,Consulting_Firm_14,PRJ-1113,2026-01-05,REG,7.41,275,2037.75
C50245,Consultant_246,Consulting_Firm_6,PRJ-1002,2026-01-05,REG,6.64,185,1228.3999999999999
C50207,Consultant_208,Consulting_Firm_14,PRJ-1035,2026-01-05,REG,6.18,275,1699.5
C50169,Consultant_170,Consulting_Firm_1,PRJ-1075,2026-01-05,REG,7.45,150,1117.5
C50243,Consultant_244,Consulting_Firm_11,PRJ-1094,2026-01-05,REG,4.3,225,967.5
C50105,Consultant_106,Consulting_Firm_2,PRJ-1102,2026-01-05,OT,11.72,150,2637.0
C50098,Consultant_99,Consulting_Firm_13,PRJ-1059,2026-01-05,REG,7.4,225,1665.0
C50160,Consultant_161,Consulting_Firm_15,PRJ-1066,2026-01-05,REG,7.62,450,3429.0
C50037,Consultant_38,Consulting_Firm_13,PRJ-1029,2026-01-05,OT,9.18,225,3098.25
C50042,Consultant_43,Consulting_Firm_7,PRJ-1110,2026-01-05,REG,5.98,150,897.0000000000001
C50012,Consultant_13,Consulting_Firm_2,PRJ-1059,2026-01-05,REG,7.69,450,3460.5
C50132,Consultant_133,Consulting_Firm_2,PRJ-1027,2026-01-05,OT,11.1,150,2497.5
C50214,Consultant_215,Consulting_Firm_6,PRJ-1014,2026-01-05,REG,7.07,225,1590.75
C50187,Consultant_188,Consulting_Firm_10,PRJ-1087,2026-01-05,OT,8.99,350,4719.75
C50211,Consultant_212,Consulting_Firm_8,PRJ-1054,2026-01-05,OT,8.55,185,2372.6250000000005
C50050,Consultant_51,Consulting_Firm_14,PRJ-1086,2026-01-05,REG,4.32,185,799.2
C50028,Consultant_29,Consulting_Firm_12,PRJ-1075,2026-01-05,REG,7.54,225,1696.5
C50128,Consultant_129,Consulting_Firm_4,PRJ-1057,2026-01-05,REG,6.2,150,930.0
C50220,Consultant_221,Consulting_Firm_11,PRJ-1111,2026-01-05,REG,5.69,275,1564.75
C50094,Consultant_95,Consulting_Firm_6,PRJ-1104,2026-01-05,REG,7.3,450,3285.0
C50071,Consultant_72,Consulting_Firm_12,PRJ-1110,2026-01-05,OT,9.24,275,3811.5
C50025,Consultant_26,Consulting_Firm_12,PRJ-1058,2026-01-05,REG,5.94,225,1336.5
C50247,Consultant_248,Consulting_Firm_2,PRJ-1054,2026-01-05,REG,4.85,150,727.5
C50172,Consultant_173,Consulting_Firm_1,PRJ-1104,2026-01-05,REG,5.81,275,1597.75
C50104,Consultant_105,Consulting_Firm_9,PRJ-1040,2026-01-05,REG,6.71,185,1241.35
C50100,Consultant_101,Consulting_Firm_13,PRJ-1088,2026-01-05,REG,4.32,185,799.2
C50130,Consultant_131,Consulting_Firm_1,PRJ-1036,2026-01-05,REG,7.4,225,1665.0
C50096,Consultant_97,Consulting_Firm_1,PRJ-1089,2026-01-05,REG,5.77,225,1298.25
C50126,Consultant_127,Consulting_Firm_7,PRJ-1038,2026-01-05,OT,8.92,275,3679.5
C50201,Consultant_202,Consulting_Firm_4,PRJ-1058,2026-01-05,REG,4.08,185,754.8000000000001
C50170,Consultant_171,Consulting_Firm_9,PRJ-1051,2026-01-05,OT,10.32,275,4257.0
C50167,Consultant_168,Consulting_Firm_2,PRJ-1106,2026-01-05,REG,5.2,225,1170.0
C50120,Consultant_121,Consulting_Firm_7,PRJ-1053,2026-01-05,REG,4.76,350,1666.0
C50130,Consultant_131,Consulting_Firm_1,PRJ-1103,2026-01-05,REG,7.48,225,1683.0
C50139,Consultant_140,Consulting_Firm_11,PRJ-1052,2026-01-05,REG,6.93,225,1559.25
C50048,Consultant_49,Consulting_Firm_11,PRJ-1087,2026-01-05,REG,6.33,275,1740.75
C50016,Consultant_17,Consulting_Firm_6,PRJ-1094,2026-01-05,REG,6.42,150,963.0
C50063,Consultant_64,Consulting_Firm_15,PRJ-1101,2026-01-05,REG,5.39,225,1212.75
C50095,Consultant_96,Consulting_Firm_5,PRJ-1081,2026-01-05,REG,4.65,350,1627.5000000000002
C50068,Consultant_69,Consulting_Firm_12,PRJ-1005,2026-01-05,REG,7.46,450,3357.0
C50198,Consultant_199,Consulting_Firm_6,PRJ-1081,2026-01-05,REG,6.49,350,2271.5
C50145,Consultant_146,Consulting_Firm_10,PRJ-1059,2026-01-05,REG,7.0,225,1575.0
C50073,Consultant_74,Consulting_Firm_3,PRJ-1014,2026-01-05,REG,7.88,275,2167.0
C50189,Consultant_190,Consulting_Firm_4,PRJ-1064,2026-01-05,REG,7.32,225,1647.0
C50065,Consultant_66,Consulting_Firm_8,PRJ-1006,2026-01-05,REG,5.62,350,1967.0
C50249,Consultant_250,Consulting_Firm_14,PRJ-1022,2026-01-05,REG,4.57,185,845.45
C50178,Consultant_179,Consulting_Firm_7,PRJ-1052,2026-01-05,REG,6.41,185,1185.8500000000001
C50163,Consultant_164,Consulting_Firm_11,PRJ-1072,2026-01-05,REG,7.9,350,2765.0
C50221,Consultant_222,Consulting_Firm_15,PRJ-1072,2026-01-05,REG,6.27,450,2821.5
C50222,Consultant_223,Consulting_Firm_14,PRJ-1006,2026-01-05,REG,4.36,150,654.0
C50205,Consultant_206,Consulting_Firm_10,PRJ-1029,2026-01-05,OT,11.74,350,6163.5
C50191,Consultant_192,Consulting_Firm_11,PRJ-1002,2026-01-05,REG,6.95,275,1911.25
C50246,Consultant_247,Consulting_Firm_13,PRJ-1106,2026-01-05,REG,6.26,185,1158.1
C50063,Consultant_64,Consulting_Firm_15,PRJ-1033,2026-01-05,OT,8.75,225,2953.125
C50156,Consultant_157,Consulting_Firm_8,PRJ-1066,2026-01-05,OT,10.15,225,3425.625
C50061,Consultant_62,Consulting_Firm_7,PRJ-1060,2026-01-05,REG,7.51,350,2628.5
C50103,Consultant_104,Consulting_Firm_8,PRJ-1022,2026-01-05,REG,5.57,275,1531.75
C50113,Consultant_114,Consulting_Firm_2,PRJ-1103,2026-01-05,REG,4.24,350,1484.0
C50135,Consultant_136,Consulting_Firm_10,PRJ-1065,2026-01-05,REG,5.4,225,1215.0
C50055,Consultant_56,Consulting_Firm_5,PRJ-1086,2026-01-05,REG,7.33,150,1099.5
C50004,Consultant_5,Consulting_Firm_15,PRJ-1113,2026-01-05,REG,6.22,350,2177.0
C50191,Consultant_192,Consulting_Firm_11,PRJ-1001,2026-01-05,OT,10.62,275,4380.75
C50078,Consultant_79,Consulting_Firm_12,PRJ-1075,2026-01-05,REG,4.86,225,1093.5
C50019,Consultant_20,Consulting_Firm_6,PRJ-1025,2026-01-05,REG,5.05,350,1767.5
C50146,Consultant_147,Consulting_Firm_15,PRJ-1053,2026-01-05,REG,5.98,150,897.0000000000001
C50099,Consultant_100,Consulting_Firm_7,PRJ-1002,2026-01-05,REG,7.31,275,2010.25
C50165,Consultant_166,Consulting_Firm_1,PRJ-1021,2026-01-05,OT,10.01,275,4129.125
C50244,Consultant_245,Consulting_Firm_6,PRJ-1052,2026-01-05,REG,7.55,350,2642.5
C50057,Consultant_58,Consulting_Firm_9,PRJ-1086,2026-01-05,OT,11.01,350,5780.25
C50108,Consultant_109,Consulting_Firm_9,PRJ-1078,2026-01-05,OT,8.69,350,4562.25
C50014,Consultant_15,Consulting_Firm_6,PRJ-1010,2026-01-05,OT,11.16,225,3766.5
C50056,Consultant_57,Consulting_Firm_14,PRJ-1022,2026-01-05,REG,6.93,350,2425.5
C50092,Consultant_93,Consulting_Firm_15,PRJ-1049,2026-01-05,REG,7.54,225,1696.5
C50227,Consultant_228,Consulting_Firm_13,PRJ-1051,2026-01-05,REG,6.23,450,2803.5
C50211,Consultant_212,Consulting_Firm_8,PRJ-1029,2026-01-05,REG,7.71,185,1426.35
C50036,Consultant_37,Consulting_Firm_12,PRJ-1046,2026-01-05,OT,8.87,450,5987.249999999999
C50054,Consultant_55,Consulting_Firm_5,PRJ-1066,2026-01-05,REG,7.1,450,3195.0
C50155,Consultant_156,Consulting_Firm_6,PRJ-1113,2026-01-05,REG,4.44,450,1998.0000000000002
C50058,Consultant_59,Consulting_Firm_9,PRJ-1007,2026-01-05,OT,11.47,225,3871.125
C50080,Consultant_81,Consulting_Firm_2,PRJ-1025,2026-01-05,REG,7.63,185,1411.55
C50101,Consultant_102,Consulting_Firm_12,PRJ-1076,2026-01-05,OT,11.31,450,7634.25
C50024,Consultant_25,Consulting_Firm_2,PRJ-1028,2026-01-05,REG,7.73,185,1430.0500000000002
C50063,Consultant_64,Consulting_Firm_15,PRJ-1061,2026-01-05,REG,4.2,225,945.0
C50238,Consultant_239,Consulting_Firm_6,PRJ-1083,2026-01-05,REG,4.22,150,633.0
C50114,Consultant_115,Consulting_Firm_12,PRJ-1103,2026-01-05,REG,5.56,185,1028.6
C50151,Consultant_152,Consulting_Firm_3,PRJ-1089,2026-01-05,REG,4.51,150,676.5
C50169,Consultant_170,Consulting_Firm_1,PRJ-1106,2026-01-05,OT,9.11,150,2049.75
C50156,Consultant_157,Consulting_Firm_8,PRJ-1053,2026-01-05,REG,5.24,225,1179.0
C50155,Consultant_156,Consulting_Firm_6,PRJ-1079,2026-01-05,REG,4.4,450,1980.0000000000002
C50115,Consultant_116,Consulting_Firm_5,PRJ-1036,2026-01-05,REG,6.57,450,2956.5
C50241,Consultant_242,Consulting_Firm_1,PRJ-1061,2026-01-05,REG,5.08,275,1397.0
C50118,Consultant_119,Consulting_Firm_3,PRJ-1079,2026-01-05,REG,4.48,275,1232.0000000000002
C50145,Consultant_146,Consulting_Firm_10,PRJ-1114,2026-01-05,REG,5.47,225,1230.75
C50193,Consultant_194,Consulting_Firm_14,PRJ-1078,2026-01-05,REG,6.84,185,1265.3999999999999
C50235,Consultant_236,Consulting_Firm_14,PRJ-1037,2026-01-05,OT,10.43,350,5475.75
C50230,Consultant_231,Consulting_Firm_8,PRJ-1028,2026-01-05,REG,6.28,225,1413.0
C50240,Consultant_241,Consulting_Firm_15,PRJ-1088,2026-01-05,REG,7.9,150,1185.0
C50027,Consultant_28,Consulting_Firm_6,PRJ-1089,2026-01-05,REG,7.13,185,1319.05
C50061,Consultant_62,Consulting_Firm_7,PRJ-1059,2026-01-05,REG,6.37,350,2229.5
C50026,Consultant_27,Consulting_Firm_3,PRJ-1076,2026-01-05,REG,4.38,350,1533.0
C50188,Consultant_189,Consulting_Firm_9,PRJ-1015,2026-01-05,REG,4.73,450,2128.5
C50022,Consultant_23,Consulting_Firm_3,PRJ-1113,2026-01-05,REG,5.7,185,1054.5
C50084,Consultant_85,Consulting_Firm_11,PRJ-1049,2026-01-05,REG,6.85,185,1267.25
C50246,Consultant_247,Consulting_Firm_13,PRJ-1006,2026-01-05,REG,5.67,185,1048.95
C50164,Consultant_165,Consulting_Firm_2,PRJ-1112,2026-01-05,OT,9.63,185,2672.3250000000003
C50022,Consultant_23,Consulting_Firm_3,PRJ-1089,2026-01-05,REG,4.28,185,791.8000000000001
C50072,Consultant_73,Consulting_Firm_2,PRJ-1033,2026-01-05,REG,4.15,350,1452.5000000000002
C50093,Consultant_94,Consulting_Firm_6,PRJ-1034,2026-01-05,REG,6.19,185,1145.15
C50029,Consultant_30,Consulting_Firm_7,PRJ-1066,2026-01-05,REG,6.16,150,924.0
C50055,Consultant_56,Consulting_Firm_5,PRJ-1025,2026-01-05,OT,9.12,150,2051.9999999999995
C50246,Consultant_247,Consulting_Firm_13,PRJ-1023,2026-01-05,REG,4.3,185,795.5
C50137,Consultant_138,Consulting_Firm_3,PRJ-1087,2026-01-05,OT,9.02,185,2503.0499999999997
C50231,Consultant_232,Consulting_Firm_2,PRJ-1029,2026-01-05,REG,7.79,275,2142.25
C50078,Consultant_79,Consulting_Firm_12,PRJ-1021,2026-01-05,REG,5.47,225,1230.75
C50151,Consultant_152,Consulting_Firm_3,PRJ-1070,2026-01-05,REG,4.77,150,715.4999999999999
C50065,Consultant_66,Consulting_Firm_8,PRJ-1026,2026-01-05,REG,7.5,350,2625.0
C50005,Consultant_6,Consulting_Firm_1,PRJ-1052,2026-01-05,OT,9.54,350,5008.499999999999
C50095,Consultant_96,Consulting_Firm_5,PRJ-1036,2026-01-05,OT,8.91,350,4677.75
C50207,Consultant_208,Consulting_Firm_14,PRJ-1028,2026-01-05,REG,6.2,275,1705.0
C50097,Consultant_98,Consulting_Firm_14,PRJ-1065,2026-01-05,REG,5.15,450,2317.5
C50247,Consultant_248,Consulting_Firm_2,PRJ-1042,2026-01-05,REG,5.57,150,835.5
C50201,Consultant_202,Consulting_Firm_4,PRJ-1104,2026-01-05,REG,8.0,185,1480.0
C50159,Consultant_160,Consulting_Firm_12,PRJ-1027,2026-01-05,REG,5.03,225,1131.75
C50087,Consultant_88,Consulting_Firm_13,PRJ-1053,2026-01-05,REG,7.4,225,1665.0
C50004,Consultant_5,Consulting_Firm_15,PRJ-1040,2026-01-05,REG,4.73,350,1655.5000000000002
C50079,Consultant_80,Consulting_Firm_5,PRJ-1040,2026-01-05,REG,5.6,350,1959.9999999999998
C50247,Consultant_248,Consulting_Firm_2,PRJ-1087,2026-01-05,OT,10.61,150,2387.25
C50112,Consultant_113,Consulting_Firm_11,PRJ-1049,2026-01-05,REG,7.26,275,1996.5
C50010,Consultant_11,Consulting_Firm_11,PRJ-1039,2026-01-05,REG,6.96,450,3132.0
C50239,Consultant_240,Consulting_Firm_13,PRJ-1017,2026-01-05,REG,6.12,275,1683.0
C50142,Consultant_143,Consulting_Firm_7,PRJ-1111,2026-01-05,REG,7.89,350,2761.5
C50021,Consultant_22,Consulting_Firm_14,PRJ-1029,2026-01-05,REG,7.92,275,2178.0
C50020,Consultant_21,Consulting_Firm_12,PRJ-1049,2026-01-05,REG,6.37,275,1751.75
C50139,Consultant_140,Consulting_Firm_11,PRJ-1109,2026-01-05,OT,11.49,225,3877.875
C50177,Consultant_178,Consulting_Firm_4,PRJ-1007,2026-01-05,REG,7.35,450,3307.5
C50009,Consultant_10,Consulting_Firm_14,PRJ-1028,2026-01-05,REG,5.25,185,971.25
C50024,Consultant_25,Consulting_Firm_2,PRJ-1114,2026-01-05,OT,11.33,185,3144.0750000000003
C50035,Consultant_36,Consulting_Firm_14,PRJ-1059,2026-01-05,REG,4.05,450,1822.5
C50148,Consultant_149,Consulting_Firm_9,PRJ-1039,2026-01-05,REG,5.35,350,1872.4999999999998
C50103,Consultant_104,Consulting_Firm_8,PRJ-1006,2026-01-05,REG,7.23,275,1988.2500000000002
C50244,Consultant_245,Consulting_Firm_6,PRJ-1075,2026-01-05,OT,8.81,350,4625.25
C50241,Consultant_242,Consulting_Firm_1,PRJ-1109,2026-01-05,REG,5.45,275,1498.75
C50044,Consultant_45,Consulting_Firm_3,PRJ-1035,2026-01-05,REG,6.61,350,2313.5
C50186,Consultant_187,Consulting_Firm_13,PRJ-1060,2026-01-05,REG,6.23,275,1713.2500000000002
C50180,Consultant_181,Consulting_Firm_8,PRJ-1072,2026-01-05,REG,6.16,185,1139.6000000000001
C50227,Consultant_228,Consulting_Firm_13,PRJ-1006,2026-01-05,REG,4.1,450,1844.9999999999998
C50071,Consultant_72,Consulting_Firm_12,PRJ-1075,2026-01-05,REG,5.17,275,1421.75
C50234,Consultant_235,Consulting_Firm_5,PRJ-1021,2026-01-05,REG,5.64,450,2538.0
C50092,Consultant_93,Consulting_Firm_15,PRJ-1066,2026-01-05,OT,10.77,225,3634.875
C50059,Consultant_60,Consulting_Firm_14,PRJ-1109,2026-01-05,REG,6.76,150,1014.0
C50108,Consultant_109,Consulting_Firm_9,PRJ-1002,2026-01-05,REG,7.74,350,2709.0
C50131,Consultant_132,Consulting_Firm_3,PRJ-1021,2026-01-05,REG,7.41,185,1370.8500000000001
C50200,Consultant_201,Consulting_Firm_1,PRJ-1059,2026-01-05,OT,11.53,350,6053.25
C50132,Consultant_133,Consulting_Firm_2,PRJ-1091,2026-01-05,OT,10.76,150,2421.0
C50157,Consultant_158,Consulting_Firm_1,PRJ-1094,2026-01-05,REG,4.36,275,1199.0
C50122,Consultant_123,Consulting_Firm_15,PRJ-1087,2026-01-05,REG,6.42,185,1187.7
C50134,Consultant_135,Consulting_Firm_7,PRJ-1022,2026-01-05,REG,7.57,225,1703.25
C50139,Consultant_140,Consulting_Firm_11,PRJ-1060,2026-01-05,REG,6.84,225,1539.0
C50119,Consultant_120,Consulting_Firm_12,PRJ-1029,2026-01-05,REG,4.92,450,2214.0
C50194,Consultant_195,Consulting_Firm_6,PRJ-1089,2026-01-05,OT,8.89,225,3000.3750000000005
C50025,Consultant_26,Consulting_Firm_12,PRJ-1002,2026-01-05,OT,10.51,225,3547.125
C50117,Consultant_118,Consulting_Firm_15,PRJ-1092,2026-01-05,REG,7.44,150,1116.0
C50017,Consultant_18,Consulting_Firm_9,PRJ-1106,2026-01-05,REG,7.32,350,2562.0
C50086,Consultant_87,Consulting_Firm_13,PRJ-1023,2026-01-05,REG,7.73,450,3478.5
C50008,Consultant_9,Consulting_Firm_7,PRJ-1022,2026-01-05,REG,4.6,450,2070.0
C50012,Consultant_13,Consulting_Firm_2,PRJ-1008,2026-01-05,REG,5.26,450,2367.0
C50211,Consultant_212,Consulting_Firm_8,PRJ-1054,2026-01-05,REG,5.58,185,1032.3
C50174,Consultant_175,Consulting_Firm_14,PRJ-1038,2026-01-05,OT,9.46,450,6385.5
C50175,Consultant_176,Consulting_Firm_15,PRJ-1037,2026-01-05,REG,6.98,350,2443.0
C50230,Consultant_231,Consulting_Firm_8,PRJ-1001,2026-01-05,REG,7.06,225,1588.5
C50037,Consultant_38,Consulting_Firm_13,PRJ-1008,2026-01-05,REG,7.72,225,1737.0
C50248,Consultant_249,Consulting_Firm_6,PRJ-1043,2026-01-05,REG,7.58,350,2653.0
C50108,Consultant_109,Consulting_Firm_9,PRJ-1059,2026-01-05,OT,11.96,350,6279.0
C50249,Consultant_250,Consulting_Firm_14,PRJ-1079,2026-01-05,REG,4.14,185,765.9
C50181,Consultant_182,Consulting_Firm_4,PRJ-1102,2026-01-05,OT,10.77,350,5654.25
C50119,Consultant_120,Consulting_Firm_12,PRJ-1103,2026-01-05,OT,11.51,450,7769.25
C50221,Consultant_222,Consulting_Firm_15,PRJ-1060,2026-01-05,REG,7.68,450,3456.0
C50072,Consultant_73,Consulting_Firm_2,PRJ-1109,2026-01-05,OT,10.89,350,5717.25
C50007,Consultant_8,Consulting_Firm_14,PRJ-1103,2026-01-05,REG,5.16,275,1419.0
C50017,Consultant_18,Consulting_Firm_9,PRJ-1029,2026-01-05,REG,6.63,350,2320.5
C50011,Consultant_12,Consulting_Firm_12,PRJ-1078,2026-01-05,REG,7.51,350,2628.5
C50073,Consultant_74,Consulting_Firm_3,PRJ-1032,2026-01-05,REG,4.43,275,1218.25
C50063,Consultant_64,Consulting_Firm_15,PRJ-1028,2026-01-05,REG,7.55,225,1698.75
C50122,Consultant_123,Consulting_Firm_15,PRJ-1049,2026-01-05,OT,8.9,185,2469.75
C50176,Consultant_177,Consulting_Firm_8,PRJ-1088,2026-01-05,OT,9.8,185,2719.5000000000005
C50063,Consultant_64,Consulting_Firm_15,PRJ-1003,2026-01-05,REG,6.83,225,1536.75
C50038,Consultant_39,Consulting_Firm_12,PRJ-1089,2026-01-05,REG,7.84,350,2744.0
C50173,Consultant_174,Consulting_Firm_15,PRJ-1082,2026-01-05,REG,6.24,185,1154.4
C50011,Consultant_12,Consulting_Firm_12,PRJ-1106,2026-01-05,REG,4.3,350,1505.0
C50016,Consultant_17,Consulting_Firm_6,PRJ-1081,2026-01-05,REG,4.92,150,738.0
C50150,Consultant_151,Consulting_Firm_3,PRJ-1023,2026-01-05,OT,8.72,225,2943.0000000000005
C50006,Consultant_7,Consulting_Firm_9,PRJ-1079,2026-01-05,OT,10.47,150,2355.75
C50141,Consultant_142,Consulting_Firm_6,PRJ-1099,2026-01-05,REG,6.64,450,2988.0
C50132,Consultant_133,Consulting_Firm_2,PRJ-1025,2026-01-05,REG,5.24,150,786.0
C50095,Consultant_96,Consulting_Firm_5,PRJ-1076,2026-01-05,REG,5.59,350,1956.5
C50065,Consultant_66,Consulting_Firm_8,PRJ-1099,2026-01-05,REG,4.01,350,1403.5
C50078,Consultant_79,Consulting_Firm_12,PRJ-1058,2026-01-05,REG,7.2,225,1620.0
C50021,Consultant_22,Consulting_Firm_14,PRJ-1027,2026-01-05,REG,6.89,275,1894.75
C50120,Consultant_121,Consulting_Firm_7,PRJ-1025,2026-01-05,OT,11.65,350,6116.25
C50138,Consultant_139,Consulting_Firm_10,PRJ-1110,2026-01-05,REG,5.38,275,1479.5
C50097,Consultant_98,Consulting_Firm_14,PRJ-1067,2026-01-05,REG,5.66,450,2547.0
C50073,Consultant_74,Consulting_Firm_3,PRJ-1051,2026-01-05,REG,4.55,275,1251.25
C50019,Consultant_20,Consulting_Firm_6,PRJ-1054,2026-01-05,REG,5.06,350,1770.9999999999998
C50152,Consultant_153,Consulting_Firm_12,PRJ-1002,2026-01-05,REG,5.26,350,1841.0
C50048,Consultant_49,Consulting_Firm_11,PRJ-1022,2026-01-05,REG,4.2,275,1155.0
C50106,Consultant_107,Consulting_Firm_13,PRJ-1110,2026-01-05,OT,8.69,350,4562.25
C50018,Consultant_19,Consulting_Firm_3,PRJ-1104,2026-01-05,OT,11.58,150,2605.5
C50043,Consultant_44,Consulting_Firm_2,PRJ-1023,2026-01-05,REG,6.25,150,937.5
C50223,Consultant_224,Consulting_Firm_8,PRJ-1037,2026-01-05,REG,7.43,275,2043.25
C50064,Consultant_65,Consulting_Firm_9,PRJ-1014,2026-01-05,REG,5.39,275,1482.25
C50047,Consultant_48,Consulting_Firm_6,PRJ-1014,2026-01-05,OT,11.75,185,3260.625
C50242,Consultant_243,Consulting_Firm_15,PRJ-1053,2026-01-05,REG,7.27,150,1090.5
C50004,Consultant_5,Consulting_Firm_15,PRJ-1043,2026-01-05,REG,5.62,350,1967.0
C50159,Consultant_160,Consulting_Firm_12,PRJ-1102,2026-01-05,REG,5.32,225,1197.0
C50055,Consultant_56,Consulting_Firm_5,PRJ-1057,2026-01-05,REG,4.6,150,690.0
C50170,Consultant_171,Consulting_Firm_9,PRJ-1084,2026-01-05,OT,11.0,275,4537.5
C50041,Consultant_42,Consulting_Firm_3,PRJ-1028,2026-01-05,REG,7.83,450,3523.5
C50130,Consultant_131,Consulting_Firm_1,PRJ-1072,2026-01-05,OT,11.7,225,3948.75
C50121,Consultant_122,Consulting_Firm_2,PRJ-1036,2026-01-05,OT,9.21,150,2072.2500000000005
C50117,Consultant_118,Consulting_Firm_15,PRJ-1000,2026-01-05,REG,4.03,150,604.5
C50202,Consultant_203,Consulting_Firm_12,PRJ-1087,2026-01-05,REG,6.41,275,1762.75
C50209,Consultant_210,Consulting_Firm_2,PRJ-1060,2026-01-05,OT,9.41,350,4940.25
C50006,Consultant_7,Consulting_Firm_9,PRJ-1052,2026-01-05,REG,7.52,150,1128.0
C50146,Consultant_147,Consulting_Firm_15,PRJ-1102,2026-01-05,REG,5.39,150,808.5
C50219,Consultant_220,Consulting_Firm_14,PRJ-1051,2026-01-05,REG,7.37,450,3316.5
C50233,Consultant_234,Consulting_Firm_10,PRJ-1027,2026-01-05,REG,7.64,225,1719.0
C50247,Consultant_248,Consulting_Firm_2,PRJ-1034,2026-01-05,REG,6.34,150,951.0
C50114,Consultant_115,Consulting_Firm_12,PRJ-1051,2026-01-05,OT,8.81,185,2444.775
C50172,Consultant_173,Consulting_Firm_1,PRJ-1039,2026-01-05,REG,4.66,275,1281.5
C50013,Consultant_14,Consulting_Firm_14,PRJ-1006,2026-01-05,REG,4.5,185,832.5
C50241,Consultant_242,Consulting_Firm_1,PRJ-1051,2026-01-05,REG,7.94,275,2183.5
C50163,Consultant_164,Consulting_Firm_11,PRJ-1061,2026-01-05,REG,7.4,350,2590.0
C50179,Consultant_180,Consulting_Firm_11,PRJ-1039,2026-01-05,OT,11.56,225,3901.5
C50024,Consultant_25,Consulting_Firm_2,PRJ-1026,2026-01-05,OT,10.21,185,2833.275
C50036,Consultant_37,Consulting_Firm_12,PRJ-1029,2026-01-05,REG,7.94,450,3573.0
C50163,Consultant_164,Consulting_Firm_11,PRJ-1114,2026-01-05,REG,7.68,350,2688.0
C50039,Consultant_40,Consulting_Firm_5,PRJ-1103,2026-01-05,REG,6.18,275,1699.5
C50025,Consultant_26,Consulting_Firm_12,PRJ-1058,2026-01-05,REG,4.82,225,1084.5
C50216,Consultant_217,Consulting_Firm_6,PRJ-1109,2026-01-05,REG,7.58,185,1402.3
C50204,Consultant_205,Consulting_Firm_3,PRJ-1113,2026-01-05,REG,6.93,275,1905.75
C50167,Consultant_168,Consulting_Firm_2,PRJ-1101,2026-01-05,REG,4.81,225,1082.25
C50123,Consultant_124,Consulting_Firm_2,PRJ-1038,2026-01-05,REG,7.97,275,2191.75
C50220,Consultant_221,Consulting_Firm_11,PRJ-1050,2026-01-05,REG,5.07,275,1394.25
C50028,Consultant_29,Consulting_Firm_12,PRJ-1081,2026-01-05,REG,6.47,225,1455.75
C50185,Consultant_186,Consulting_Firm_5,PRJ-1059,2026-01-05,REG,7.61,150,1141.5
C50070,Consultant_71,Consulting_Firm_8,PRJ-1036,2026-01-05,OT,8.79,350,4614.749999999999
C50011,Consultant_12,Consulting_Firm_12,PRJ-1002,2026-01-05,REG,4.92,350,1722.0
C50128,Consultant_129,Consulting_Firm_4,PRJ-1003,2026-01-05,REG,4.54,150,681.0
C50191,Consultant_192,Consulting_Firm_11,PRJ-1087,2026-01-05,REG,4.27,275,1174.2499999999998
C50021,Consultant_22,Consulting_Firm_14,PRJ-1071,2026-01-05,OT,9.56,275,3943.5
C50026,Consultant_27,Consulting_Firm_3,PRJ-1110,2026-01-05,OT,9.93,350,5213.25
C50038,Consultant_39,Consulting_Firm_12,PRJ-1026,2026-01-05,REG,5.31,350,1858.4999999999998
C50196,Consultant_197,Consulting_Firm_2,PRJ-1002,2026-01-05,REG,7.23,225,1626.75
C50077,Consultant_78,Consulting_Firm_5,PRJ-1006,2026-01-05,REG,7.77,450,3496.5
C50194,Consultant_195,Consulting_Firm_6,PRJ-1081,2026-01-05,REG,6.21,225,1397.25
C50074,Consultant_75,Consulting_Firm_13,PRJ-1078,2026-01-05,REG,4.78,185,884.3000000000001
C50017,Consultant_18,Consulting_Firm_9,PRJ-1081,2026-01-05,REG,7.34,350,2569.0
C50089,Consultant_90,Consulting_Firm_6,PRJ-1049,2026-01-05,REG,5.31,275,1460.25
C50174,Consultant_175,Consulting_Firm_14,PRJ-1084,2026-01-05,OT,11.12,450,7506.0
C50202,Consultant_203,Consulting_Firm_12,PRJ-1022,2026-01-05,REG,5.04,275,1386.0
C50115,Consultant_116,Consulting_Firm_5,PRJ-1088,2026-01-05,REG,6.77,450,3046.5
C50130,Consultant_131,Consulting_Firm_1,PRJ-1023,2026-01-05,REG,4.98,225,1120.5
C50063,Consultant_64,Consulting_Firm_15,PRJ-1048,2026-01-05,REG,7.82,225,1759.5
C50020,Consultant_21,Consulting_Firm_12,PRJ-1076,2026-01-05,OT,11.53,275,4756.125
C50192,Consultant_193,Consulting_Firm_14,PRJ-1083,2026-01-05,REG,4.47,185,826.9499999999999
C50121,Consultant_122,Consulting_Firm_2,PRJ-1023,2026-01-05,REG,7.92,150,1188.0
C50197,Consultant_198,Consulting_Firm_6,PRJ-1075,2026-01-05,REG,6.31,150,946.4999999999999
C50214,Consultant_215,Consulting_Firm_6,PRJ-1058,2026-01-05,REG,4.88,225,1098.0
C50042,Consultant_43,Consulting_Firm_7,PRJ-1014,2026-01-05,REG,4.47,150,670.5
C50003,Consultant_4,Consulting_Firm_9,PRJ-1035,2026-01-05,REG,5.49,150,823.5
C50109,Consultant_110,Consulting_Firm_15,PRJ-1022,2026-01-05,REG,6.89,350,2411.5
C50071,Consultant_72,Consulting_Firm_12,PRJ-1022,2026-01-05,OT,11.97,275,4937.625
C50091,Consultant_92,Consulting_Firm_14,PRJ-1031,2026-01-05,REG,4.32,450,1944.0000000000002
C50082,Consultant_83,Consulting_Firm_13,PRJ-1027,2026-01-05,REG,7.75,275,2131.25
C50120,Consultant_121,Consulting_Firm_7,PRJ-1079,2026-01-05,REG,5.55,350,1942.5
C50166,Consultant_167,Consulting_Firm_11,PRJ-1056,2026-01-05,REG,4.66,450,2097.0
C50033,Consultant_34,Consulting_Firm_6,PRJ-1111,2026-01-05,REG,6.1,225,1372.5
C50004,Consultant_5,Consulting_Firm_15,PRJ-1040,2026-01-05,REG,7.87,350,2754.5
C50002,Consultant_3,Consulting_Firm_14,PRJ-1101,2026-01-05,REG,4.27,450,1921.4999999999998
C50160,Consultant_161,Consulting_Firm_15,PRJ-1024,2026-01-05,REG,6.41,450,2884.5
C50143,Consultant_144,Consulting_Firm_14,PRJ-1001,2026-01-05,OT,9.91,350,5202.75
C50077,Consultant_78,Consulting_Firm_5,PRJ-1057,2026-01-05,OT,9.92,450,6696.0
C50025,Consultant_26,Consulting_Firm_12,PRJ-1043,2026-01-05,REG,4.87,225,1095.75
C50072,Consultant_73,Consulting_Firm_2,PRJ-1051,2026-01-05,REG,6.22,350,2177.0
C50056,Consultant_57,Consulting_Firm_14,PRJ-1086,2026-01-05,REG,7.7,350,2695.0
C50192,Consultant_193,Consulting_Firm_14,PRJ-1103,2026-01-05,OT,9.88,185,2741.7000000000003
C50028,Consultant_29,Consulting_Firm_12,PRJ-1112,2026-01-05,REG,4.85,225,1091.25
C50231,Consultant_232,Consulting_Firm_2,PRJ-1049,2026-01-05,REG,4.96,275,1364.0
C50116,Consultant_117,Consulting_Firm_9,PRJ-1076,2026-01-05,REG,6.45,225,1451.25
C50106,Consultant_107,Consulting_Firm_13,PRJ-1075,2026-01-05,OT,9.14,350,4798.5
C50076,Consultant_77,Consulting_Firm_12,PRJ-1102,2026-01-05,REG,7.35,225,1653.75
C50199,Consultant_200,Consulting_Firm_9,PRJ-1027,2026-01-05,REG,5.61,225,1262.25
C50223,Consultant_224,Consulting_Firm_8,PRJ-1032,2026-01-05,REG,5.11,275,1405.25
C50061,Consultant_62,Consulting_Firm_7,PRJ-1086,2026-01-05,REG,6.71,350,2348.5
C50005,Consultant_6,Consulting_Firm_1,PRJ-1112,2026-01-05,REG,6.25,350,2187.5
C50006,Consultant_7,Consulting_Firm_9,PRJ-1006,2026-01-05,REG,7.21,150,1081.5
C50059,Consultant_60,Consulting_Firm_14,PRJ-1060,2026-01-05,REG,6.14,150,921.0
C50209,Consultant_210,Consulting_Firm_2,PRJ-1038,2026-01-05,REG,7.13,350,2495.5
C50020,Consultant_21,Consulting_Firm_12,PRJ-1037,2026-01-05,REG,4.84,275,1331.0
C50103,Consultant_104,Consulting_Firm_8,PRJ-1033,2026-01-05,REG,5.94,275,1633.5
C50053,Consultant_54,Consulting_Firm_12,PRJ-1071,2026-01-05,REG,7.74,450,3483.0
C50122,Consultant_123,Consulting_Firm_15,PRJ-1035,2026-01-05,REG,7.7,185,1424.5
C50211,Consultant_212,Consulting_Firm_8,PRJ-1067,2026-01-05,REG,4.66,185,862.1
C50062,Consultant_63,Consulting_Firm_10,PRJ-1001,2026-01-05,REG,4.3,450,1935.0
C50086,Consultant_87,Consulting_Firm_13,PRJ-1064,2026-01-05,REG,7.7,450,3465.0
C50177,Consultant_178,Consulting_Firm_4,PRJ-1059,2026-01-05,REG,5.03,450,2263.5
C50187,Consultant_188,Consulting_Firm_10,PRJ-1075,2026-01-05,OT,11.38,350,5974.500000000001
C50243,Consultant_244,Consulting_Firm_11,PRJ-1000,2026-01-05,REG,7.1,225,1597.5
C50124,Consultant_125,Consulting_Firm_7,PRJ-1050,2026-01-05,REG,6.58,150,987.0
C50100,Consultant_101,Consulting_Firm_13,PRJ-1060,2026-01-05,REG,4.28,185,791.8000000000001
C50187,Consultant_188,Consulting_Firm_10,PRJ-1099,2026-01-05,OT,11.36,350,5964.0
C50007,Consultant_8,Consulting_Firm_14,PRJ-1086,2026-01-05,REG,7.35,275,2021.25
C50122,Consultant_123,Consulting_Firm_15,PRJ-1026,2026-01-05,OT,11.07,185,3071.925
C50165,Consultant_166,Consulting_Firm_1,PRJ-1059,2026-01-05,REG,6.94,275,1908.5
C50047,Consultant_48,Consulting_Firm_6,PRJ-1078,2026-01-05,REG,7.11,185,1315.3500000000001
C50177,Consultant_178,Consulting_Firm_4,PRJ-1111,2026-01-05,REG,6.32,450,2844.0
C50190,Consultant_191,Consulting_Firm_15,PRJ-1019,2026-01-05,OT,11.93,275,4921.125
C50227,Consultant_228,Consulting_Firm_13,PRJ-1014,2026-01-05,OT,10.84,450,7317.0
C50105,Consultant_106,Consulting_Firm_2,PRJ-1033,2026-01-05,REG,4.54,150,681.0
C50075,Consultant_76,Consulting_Firm_3,PRJ-1022,2026-01-05,REG,5.09,185,941.65
C50011,Consultant_12,Consulting_Firm_12,PRJ-1094,2026-01-05,OT,10.57,350,5549.25
C50156,Consultant_157,Consulting_Firm_8,PRJ-1101,2026-01-05,REG,5.69,225,1280.25
C50106,Consultant_107,Consulting_Firm_13,PRJ-1075,2026-01-05,REG,6.34,350,2219.0
C50237,Consultant_238,Consulting_Firm_4,PRJ-1094,2026-01-05,REG,5.32,225,1197.0
C50245,Consultant_246,Consulting_Firm_6,PRJ-1023,2026-01-05,OT,9.49,185,2633.4750000000004
C50172,Consultant_173,Consulting_Firm_1,PRJ-1035,2026-01-05,REG,4.26,275,1171.5
C50149,Consultant_150,Consulting_Firm_12,PRJ-1049,2026-01-05,REG,5.19,275,1427.25
C50095,Consultant_96,Consulting_Firm_5,PRJ-1049,2026-01-05,REG,5.79,350,2026.5
C50037,Consultant_38,Consulting_Firm_13,PRJ-1023,2026-01-05,REG,7.3,225,1642.5
C50164,Consultant_165,Consulting_Firm_2,PRJ-1026,2026-01-05,OT,9.52,185,2641.7999999999997
C50038,Consultant_39,Consulting_Firm_12,PRJ-1006,2026-01-05,REG,7.43,350,2600.5
C50123,Consultant_124,Consulting_Firm_2,PRJ-1106,2026-01-05,REG,7.8,275,2145.0
C50186,Consultant_187,Consulting_Firm_13,PRJ-1028,2026-01-05,REG,4.37,275,1201.75
C50202,Consultant_203,Consulting_Firm_12,PRJ-1066,2026-01-05,REG,7.79,275,2142.25
C50017,Consultant_18,Consulting_Firm_9,PRJ-1099,2026-01-05,REG,6.48,350,2268.0
C50215,Consultant_216,Consulting_Firm_1,PRJ-1000,2026-01-05,REG,6.92,225,1557.0
C50178,Consultant_179,Consulting_Firm_7,PRJ-1029,2026-01-05,REG,5.86,185,1084.1000000000001
C50227,Consultant_228,Consulting_Firm_13,PRJ-1043,2026-01-05,REG,7.47,450,3361.5
C50186,Consultant_187,Consulting_Firm_13,PRJ-1102,2026-01-05,REG,4.58,275,1259.5
C50212,Consultant_213,Consulting_Firm_15,PRJ-1025,2026-01-05,REG,4.19,185,775.1500000000001
C50213,Consultant_214,Consulting_Firm_3,PRJ-1111,2026-01-05,REG,4.74,185,876.9000000000001
C50038,Consultant_39,Consulting_Firm_12,PRJ-1035,2026-01-05,REG,7.73,350,2705.5
C50052,Consultant_53,Consulting_Firm_7,PRJ-1059,2026-01-05,REG,6.2,275,1705.0
C50228,Consultant_229,Consulting_Firm_14,PRJ-1103,2026-01-05,REG,5.81,150,871.4999999999999
C50005,Consultant_6,Consulting_Firm_1,PRJ-1065,2026-01-05,REG,5.74,350,2009.0
C50030,Consultant_31,Consulting_Firm_4,PRJ-1025,2026-01-05,REG,5.47,275,1504.25
C50084,Consultant_85,Consulting_Firm_11,PRJ-1006,2026-01-05,REG,7.65,185,1415.25
C50039,Consultant_40,Consulting_Firm_5,PRJ-1109,2026-01-05,REG,6.07,275,1669.25
C50209,Consultant_210,Consulting_Firm_2,PRJ-1028,2026-01-05,OT,8.99,350,4719.75
C50009,Consultant_10,Consulting_Firm_14,PRJ-1113,2026-01-05,REG,5.15,185,952.7500000000001
C50085,Consultant_86,Consulting_Firm_2,PRJ-1065,2026-01-05,REG,7.82,185,1446.7
C50163,Consultant_164,Consulting_Firm_11,PRJ-1080,2026-01-05,OT,9.95,350,5223.749999999999
C50119,Consultant_120,Consulting_Firm_12,PRJ-1039,2026-01-05,REG,6.14,450,2763.0
C50089,Consultant_90,Consulting_Firm_6,PRJ-1089,2026-01-05,REG,5.11,275,1405.25
C50142,Consultant_143,Consulting_Firm_7,PRJ-1033,2026-01-05,REG,7.9,350,2765.0
C50247,Consultant_248,Consulting_Firm_2,PRJ-1089,2026-01-05,REG,6.33,150,949.5
C50121,Consultant_122,Consulting_Firm_2,PRJ-1050,2026-01-05,REG,6.71,150,1006.5
